"","text","favorited","favoriteCount","replyToSN","created","truncated","replyToSID","id","replyToUID","statusSource","screenName","retweetCount","isRetweet","retweeted","longitude","latitude"
"1","Sksksksksks Macoy Dubs aka Aunt Julie liked this tweet. Ikaw favorite Aunt ko.

Sana masarap lagi ulam mo at lagi k‚Ä¶ https://t.co/ZJB8GPfdwh",FALSE,0,NA,2020-08-20 14:58:44,TRUE,NA,"1296461673230999554",NA,"<a href=""http://twitter.com/download/android"" rel=""nofollow"">Twitter for Android</a>","Iskskso3037",0,FALSE,FALSE,NA,NA
"2","RT @cnnphilippines: ‚ÄúAunt Julie meets Tita Pia‚Äù

Influencer @macoydubs1 is changing the vlogging landscape with his wit and humor, helping‚Ä¶",FALSE,0,NA,2020-08-20 14:58:11,FALSE,NA,"1296461535955623936",NA,"<a href=""http://twitter.com/download/android"" rel=""nofollow"">Twitter for Android</a>","lorenzoomoya",40,TRUE,FALSE,NA,NA
"3","RT @cnnphilippines: ‚ÄúAunt Julie meets Tita Pia‚Äù

Influencer @macoydubs1 is changing the vlogging landscape with his wit and humor, helping‚Ä¶",FALSE,0,NA,2020-08-20 14:50:45,FALSE,NA,"1296459662443905029",NA,"<a href=""http://twitter.com/download/android"" rel=""nofollow"">Twitter for Android</a>","QuiambaoKyle",40,TRUE,FALSE,NA,NA
"4","RT @cnnphilippines: ‚ÄúAunt Julie meets Tita Pia‚Äù

Influencer @macoydubs1 is changing the vlogging landscape with his wit and humor, helping‚Ä¶",FALSE,0,NA,2020-08-20 14:48:17,FALSE,NA,"1296459044752969728",NA,"<a href=""http://twitter.com/download/android"" rel=""nofollow"">Twitter for Android</a>","franzhalili_",40,TRUE,FALSE,NA,NA
"5","RT @cnnphilippines: ‚ÄúAunt Julie meets Tita Pia‚Äù

Influencer @macoydubs1 is changing the vlogging landscape with his wit and humor, helping‚Ä¶",FALSE,0,NA,2020-08-20 14:48:08,FALSE,NA,"1296459005498404864",NA,"<a href=""http://twitter.com/download/iphone"" rel=""nofollow"">Twitter for iPhone</a>","karieross",40,TRUE,FALSE,NA,NA
"6","RT @cnnphilippines: ‚ÄúAunt Julie meets Tita Pia‚Äù

Influencer @macoydubs1 is changing the vlogging landscape with his wit and humor, helping‚Ä¶",FALSE,0,NA,2020-08-20 14:47:01,FALSE,NA,"1296458724840800264",NA,"<a href=""http://twitter.com/download/iphone"" rel=""nofollow"">Twitter for iPhone</a>","mienmien08",40,TRUE,FALSE,NA,NA
"7","RT @cnnphilippines: ‚ÄúAunt Julie meets Tita Pia‚Äù

Influencer @macoydubs1 is changing the vlogging landscape with his wit and humor, helping‚Ä¶",FALSE,0,NA,2020-08-20 14:42:47,FALSE,NA,"1296457660187979777",NA,"<a href=""http://twitter.com/download/android"" rel=""nofollow"">Twitter for Android</a>","nicolas0440",40,TRUE,FALSE,NA,NA
"8","RT @cnnphilippines: ‚ÄúAunt Julie meets Tita Pia‚Äù

Influencer @macoydubs1 is changing the vlogging landscape with his wit and humor, helping‚Ä¶",FALSE,0,NA,2020-08-20 14:40:46,FALSE,NA,"1296457152572395521",NA,"<a href=""https://mobile.twitter.com"" rel=""nofollow"">Twitter Web App</a>","Avagayil",40,TRUE,FALSE,NA,NA
"9","@twmacbnbn @kimrabile Hahahahahaha about aunt julie ba yan? üòÇüòÇüòÇ",FALSE,0,"twmacbnbn",2020-08-20 14:33:35,FALSE,"1296425557878611969","1296455344940560386","147444151","<a href=""http://twitter.com/download/iphone"" rel=""nofollow"">Twitter for iPhone</a>","jelyan__",0,FALSE,FALSE,NA,NA
"10","I really enjoy the Aunt Julie series. Sa mga panahong sobrang busy ko sa work at sa mga nangyayari sa bansa, mga ga‚Ä¶ https://t.co/BiVqLmJVuB",FALSE,0,NA,2020-08-20 14:32:55,TRUE,NA,"1296455177344552960",NA,"<a href=""http://twitter.com/download/android"" rel=""nofollow"">Twitter for Android</a>","daREALdelacruz",0,FALSE,FALSE,NA,NA
"11","@micahffeine really? I heard Uncle Mark is sangkot in a corruption scandal. Kaya siguro Aunt Julie‚Äôs card got decli‚Ä¶ https://t.co/2qG3Sn0NDy",FALSE,1,"micahffeine",2020-08-20 14:31:36,TRUE,"1296454046522527745","1296454844404899840","2896577456","<a href=""http://twitter.com/download/iphone"" rel=""nofollow"">Twitter for iPhone</a>","theguyissober",0,FALSE,FALSE,NA,NA
"12","RT @cnnphilippines: ‚ÄúAunt Julie meets Tita Pia‚Äù

Influencer @macoydubs1 is changing the vlogging landscape with his wit and humor, helping‚Ä¶",FALSE,0,NA,2020-08-20 14:31:03,FALSE,NA,"1296454705770569734",NA,"<a href=""http://twitter.com/download/android"" rel=""nofollow"">Twitter for Android</a>","rnblsll",40,TRUE,FALSE,NA,NA
"13","ngano malingaw ko kay aunt julie? :‚Äî-( HAHAHAH",FALSE,1,NA,2020-08-20 14:28:57,FALSE,NA,"1296454178248839172",NA,"<a href=""http://twitter.com/download/iphone"" rel=""nofollow"">Twitter for iPhone</a>","jealroyo_",0,FALSE,FALSE,NA,NA
"14","@holeaspirit wag mo kong umpisahan sa pagkaburgis ha alam ko kumare mo si aunt ael and julie üòó pero why nOT para ma‚Ä¶ https://t.co/h9eVQqTEGk",FALSE,1,"holeaspirit",2020-08-20 14:27:47,TRUE,"1296453488445206530","1296453884622364672","1270665304679444480","<a href=""http://twitter.com/download/iphone"" rel=""nofollow"">Twitter for iPhone</a>","sanalumigaya",0,FALSE,FALSE,NA,NA
"15","@macoydubs1 Aunt Julie ‚ô•Ô∏èüòÖ‚ô•Ô∏è",FALSE,0,"macoydubs1",2020-08-20 14:23:15,FALSE,"1296374239927218176","1296452743067049988","1204452994034454528","<a href=""http://twitter.com/download/iphone"" rel=""nofollow"">Twitter for iPhone</a>","ReinEscano",0,FALSE,FALSE,NA,NA
"16","@cnnphilippines @macoydubs1 @piahontiveros Go Aunt Julie!",FALSE,0,"cnnphilippines",2020-08-20 14:21:04,FALSE,"1296426763719933952","1296452195051868162","2811559122","<a href=""http://twitter.com/download/iphone"" rel=""nofollow"">Twitter for iPhone</a>","adinagsao",0,FALSE,FALSE,NA,NA
"17","@micahffeine Me too. Aunt Julie made me promise not to make labas muna coz of the banta of local transmission",FALSE,1,"micahffeine",2020-08-20 14:15:09,FALSE,"1296441830725255168","1296450702718402561","2896577456","<a href=""http://twitter.com/download/iphone"" rel=""nofollow"">Twitter for iPhone</a>","theguyissober",0,FALSE,FALSE,NA,NA
"18","@patsimxne POTANGINA AHSHSJ AUNT JULIE SI PAT PO",FALSE,1,"patsimxne",2020-08-20 14:14:55,FALSE,"1296450468672155648","1296450647412416520","1490582580","<a href=""http://twitter.com/download/iphone"" rel=""nofollow"">Twitter for iPhone</a>","maiebora",0,FALSE,FALSE,NA,NA
"19","This is going to be fun! 

Tita Pia x Aunt Julie https://t.co/29hxM07v6l",FALSE,2,NA,2020-08-20 14:14:25,FALSE,NA,"1296450521977499648",NA,"<a href=""http://twitter.com/download/iphone"" rel=""nofollow"">Twitter for iPhone</a>","anjocalimario",0,FALSE,FALSE,NA,NA
"20","@macoydubs1 Aunt Julie knows how to take bathroom selfie! Char.",FALSE,0,"macoydubs1",2020-08-20 14:12:26,FALSE,"1296439635783159812","1296450022171705345","1204452994034454528","<a href=""http://twitter.com/download/iphone"" rel=""nofollow"">Twitter for iPhone</a>","ricci_richy",0,FALSE,FALSE,NA,NA
"21","RT @cnnphilippines: ‚ÄúAunt Julie meets Tita Pia‚Äù

Influencer @macoydubs1 is changing the vlogging landscape with his wit and humor, helping‚Ä¶",FALSE,0,NA,2020-08-20 14:08:38,FALSE,NA,"1296449064721145856",NA,"<a href=""http://twitter.com/download/iphone"" rel=""nofollow"">Twitter for iPhone</a>","_fourteenzero",40,TRUE,FALSE,NA,NA
"22","@hobbynear AUNT JULIE IS FROM NEGROS OCCIDENTAL FITE ME",FALSE,1,"hobbynear",2020-08-20 14:05:28,FALSE,"1296414744400855040","1296448266360565763","785218772009259008","<a href=""http://twitter.com/download/iphone"" rel=""nofollow"">Twitter for iPhone</a>","imsethpullona",0,FALSE,FALSE,NA,NA
"23","RT @jadmalala: Hmmm. Aunt Julie looks like someone from Assumption Antipolo, UPd Bio grad &amp; went straight to UST Faculty of Medicine &amp; Surg‚Ä¶",FALSE,0,NA,2020-08-20 14:05:10,FALSE,NA,"1296448190661656578",NA,"<a href=""http://twitter.com/download/iphone"" rel=""nofollow"">Twitter for iPhone</a>","heyaroenne",245,TRUE,FALSE,NA,NA
"24","RT @jaicabajar: By tita, I mean aunt Julie.",FALSE,0,NA,2020-08-20 14:04:28,FALSE,NA,"1296448014727421955",NA,"<a href=""http://twitter.com/download/iphone"" rel=""nofollow"">Twitter for iPhone</a>","kleyrxx",111,TRUE,FALSE,NA,NA
"25","RT @cnnphilippines: ‚ÄúAunt Julie meets Tita Pia‚Äù

Influencer @macoydubs1 is changing the vlogging landscape with his wit and humor, helping‚Ä¶",FALSE,0,NA,2020-08-20 14:03:35,FALSE,NA,"1296447795667390465",NA,"<a href=""http://twitter.com/download/iphone"" rel=""nofollow"">Twitter for iPhone</a>","fernandezmtc",40,TRUE,FALSE,NA,NA
"26","RT @cnnphilippines: ‚ÄúAunt Julie meets Tita Pia‚Äù

Influencer @macoydubs1 is changing the vlogging landscape with his wit and humor, helping‚Ä¶",FALSE,0,NA,2020-08-20 14:03:07,FALSE,NA,"1296447676385562624",NA,"<a href=""http://twitter.com/download/iphone"" rel=""nofollow"">Twitter for iPhone</a>","aleisamarieee",40,TRUE,FALSE,NA,NA
"27","RT @cnnphilippines: ‚ÄúAunt Julie meets Tita Pia‚Äù

Influencer @macoydubs1 is changing the vlogging landscape with his wit and humor, helping‚Ä¶",FALSE,0,NA,2020-08-20 14:01:08,FALSE,NA,"1296447176290295809",NA,"<a href=""http://twitter.com/download/android"" rel=""nofollow"">Twitter for Android</a>","reanskayne",40,TRUE,FALSE,NA,NA
"28","ako lang ba tuwang tuwa kay aunt julie HAHAHHAHAHAHA",FALSE,0,NA,2020-08-20 14:00:06,FALSE,NA,"1296446916310564866",NA,"<a href=""https://mobile.twitter.com"" rel=""nofollow"">Twitter Web App</a>","chrseli",0,FALSE,FALSE,NA,NA
"29","Finally a duet na  nag match dun sa original! Hahahaha ito fave ko sa lahat ng mga naka duet kay aunt julie! https://t.co/wOV1eoySxb",FALSE,1,NA,2020-08-20 13:57:55,FALSE,NA,"1296446366298841088",NA,"<a href=""http://twitter.com/download/android"" rel=""nofollow"">Twitter for Android</a>","yvespatrocinio",0,FALSE,FALSE,NA,NA
"30","RT @thexwanders: Aunt Julie's son??? Hahahahahahahaha https://t.co/LuSPzbRoXc",FALSE,0,NA,2020-08-20 13:55:52,FALSE,NA,"1296445850391056384",NA,"<a href=""http://twitter.com/download/android"" rel=""nofollow"">Twitter for Android</a>","UnQueened_Lady",3,TRUE,FALSE,NA,NA
"31","Aunt Julie is your modern Tiya Hulia",FALSE,0,NA,2020-08-20 13:54:36,FALSE,NA,"1296445532395769857",NA,"<a href=""http://twitter.com/download/iphone"" rel=""nofollow"">Twitter for iPhone</a>","gefreogan_",0,FALSE,FALSE,NA,NA
"32","RT @cnnphilippines: ‚ÄúAunt Julie meets Tita Pia‚Äù

Influencer @macoydubs1 is changing the vlogging landscape with his wit and humor, helping‚Ä¶",FALSE,0,NA,2020-08-20 13:54:25,FALSE,NA,"1296445487504076800",NA,"<a href=""http://twitter.com/download/android"" rel=""nofollow"">Twitter for Android</a>","IStanDKFam",40,TRUE,FALSE,NA,NA
"33","Aunt Julie and Aunt Cely https://t.co/IgCjAomwsQ",FALSE,2,NA,2020-08-20 13:50:46,FALSE,NA,"1296444567076720644",NA,"<a href=""http://twitter.com/download/android"" rel=""nofollow"">Twitter for Android</a>","alexisr0an",0,FALSE,FALSE,NA,NA
"34","@macoydubs1 Now, I wanna see my Aunt Julie play this",FALSE,3,"macoydubs1",2020-08-20 13:50:06,FALSE,"1296444004406566913","1296444399031853056","1204452994034454528","<a href=""http://twitter.com/download/android"" rel=""nofollow"">Twitter for Android</a>","mrkneilpalomo",0,FALSE,FALSE,NA,NA
"35","RT @cnnphilippines: ‚ÄúAunt Julie meets Tita Pia‚Äù

Influencer @macoydubs1 is changing the vlogging landscape with his wit and humor, helping‚Ä¶",FALSE,0,NA,2020-08-20 13:49:48,FALSE,NA,"1296444325363154946",NA,"<a href=""http://twitter.com/download/android"" rel=""nofollow"">Twitter for Android</a>","Xuan_Geli",40,TRUE,FALSE,NA,NA
"36","tita pia honti interviewing aunt julie!!!! we love to see it",FALSE,0,NA,2020-08-20 13:49:32,FALSE,NA,"1296444256912121857",NA,"<a href=""http://twitter.com/download/iphone"" rel=""nofollow"">Twitter for iPhone</a>","NlCOLEKIDWOMAN",0,FALSE,FALSE,NA,NA
"37","Is this aunt Julie's sister? @macoydubs1 https://t.co/sgRv3PfFO1",FALSE,4,NA,2020-08-20 13:46:26,FALSE,NA,"1296443479783071749",NA,"<a href=""http://twitter.com/download/android"" rel=""nofollow"">Twitter for Android</a>","castrolloyd_",0,FALSE,FALSE,NA,NA
"38","RT @cnnphilippines: ‚ÄúAunt Julie meets Tita Pia‚Äù

Influencer @macoydubs1 is changing the vlogging landscape with his wit and humor, helping‚Ä¶",FALSE,0,NA,2020-08-20 13:44:25,FALSE,NA,"1296442970334470146",NA,"<a href=""https://mobile.twitter.com"" rel=""nofollow"">Twitter Web App</a>","chensoorese",40,TRUE,FALSE,NA,NA
"39","Aunt julie, maybe bert and paolo could use something special from our shop üòâ

@macoydubs1 https://t.co/fMnoA0kUH2",FALSE,0,NA,2020-08-20 13:43:20,FALSE,NA,"1296442696320659458",NA,"<a href=""http://twitter.com/download/android"" rel=""nofollow"">Twitter for Android</a>","shop_ilya",0,FALSE,FALSE,NA,NA
"40","@pigpeach09 Aunt julie pakilala mo naman ako sa anaks mo",FALSE,0,"pigpeach09",2020-08-20 13:39:13,FALSE,"1296355974668746752","1296441660021321728","2964502254","<a href=""http://twitter.com/download/iphone"" rel=""nofollow"">Twitter for iPhone</a>","itgirlnayeon_",0,FALSE,FALSE,NA,NA
"41","RT @cnnphilippines: ‚ÄúAunt Julie meets Tita Pia‚Äù

Influencer @macoydubs1 is changing the vlogging landscape with his wit and humor, helping‚Ä¶",FALSE,0,NA,2020-08-20 13:38:07,FALSE,NA,"1296441385143476224",NA,"<a href=""http://twitter.com/download/android"" rel=""nofollow"">Twitter for Android</a>","kentknowsz2",40,TRUE,FALSE,NA,NA
"42","RT @cnnphilippines: ‚ÄúAunt Julie meets Tita Pia‚Äù

Influencer @macoydubs1 is changing the vlogging landscape with his wit and humor, helping‚Ä¶",FALSE,0,NA,2020-08-20 13:37:23,FALSE,NA,"1296441200032063489",NA,"<a href=""http://twitter.com/download/iphone"" rel=""nofollow"">Twitter for iPhone</a>","kaelande_",40,TRUE,FALSE,NA,NA
"43","RT @cnnphilippines: ‚ÄúAunt Julie meets Tita Pia‚Äù

Influencer @macoydubs1 is changing the vlogging landscape with his wit and humor, helping‚Ä¶",FALSE,0,NA,2020-08-20 13:36:57,FALSE,NA,"1296441090380374016",NA,"<a href=""http://twitter.com/download/iphone"" rel=""nofollow"">Twitter for iPhone</a>","boycharot",40,TRUE,FALSE,NA,NA
"44","RT @cnnphilippines: ‚ÄúAunt Julie meets Tita Pia‚Äù

Influencer @macoydubs1 is changing the vlogging landscape with his wit and humor, helping‚Ä¶",FALSE,0,NA,2020-08-20 13:35:28,FALSE,NA,"1296440718387548167",NA,"<a href=""http://twitter.com/download/iphone"" rel=""nofollow"">Twitter for iPhone</a>","myhunna",40,TRUE,FALSE,NA,NA
"45","RT @cnnphilippines: ‚ÄúAunt Julie meets Tita Pia‚Äù

Influencer @macoydubs1 is changing the vlogging landscape with his wit and humor, helping‚Ä¶",FALSE,0,NA,2020-08-20 13:34:48,FALSE,NA,"1296440551957565440",NA,"<a href=""https://mobile.twitter.com"" rel=""nofollow"">Twitter Web App</a>","BadgerMole_",40,TRUE,FALSE,NA,NA
"46","@macoydubs1 @chelsea042293  aunt Julie is ibang level na!",FALSE,0,"macoydubs1",2020-08-20 13:34:30,FALSE,"1296439635783159812","1296440475407323136","1204452994034454528","<a href=""http://twitter.com/download/iphone"" rel=""nofollow"">Twitter for iPhone</a>","BlueberryRph",0,FALSE,FALSE,NA,NA
"47","Omg! Aunt Julie &amp; Aunt Cely https://t.co/FofIkTFhPx",FALSE,0,NA,2020-08-20 13:33:41,FALSE,NA,"1296440269970255872",NA,"<a href=""http://twitter.com/download/iphone"" rel=""nofollow"">Twitter for iPhone</a>","JessCapili",0,FALSE,FALSE,NA,NA
"48","RT @cnnphilippines: ‚ÄúAunt Julie meets Tita Pia‚Äù

Influencer @macoydubs1 is changing the vlogging landscape with his wit and humor, helping‚Ä¶",FALSE,0,NA,2020-08-20 13:32:48,FALSE,NA,"1296440046791294977",NA,"<a href=""http://twitter.com/download/android"" rel=""nofollow"">Twitter for Android</a>","sharbet___",40,TRUE,FALSE,NA,NA
"49","RT @cnnphilippines: ‚ÄúAunt Julie meets Tita Pia‚Äù

Influencer @macoydubs1 is changing the vlogging landscape with his wit and humor, helping‚Ä¶",FALSE,0,NA,2020-08-20 13:32:46,FALSE,NA,"1296440036586594307",NA,"<a href=""http://twitter.com/download/iphone"" rel=""nofollow"">Twitter for iPhone</a>","miakaaal",40,TRUE,FALSE,NA,NA
"50","@sT1ckerrH4pPy Ikaw si Aunt Cely. Ako si aunt Julie coz I always listen to your kwento. Tapos ako Tawa tawa and react ng pabitch hahhaah",FALSE,1,"sT1ckerrH4pPy",2020-08-20 13:32:20,FALSE,"1296439465595023368","1296439927392145410","2556662223","<a href=""http://twitter.com/download/iphone"" rel=""nofollow"">Twitter for iPhone</a>","cruisebill",0,FALSE,FALSE,NA,NA
"51","RT @cnnphilippines: ‚ÄúAunt Julie meets Tita Pia‚Äù

Influencer @macoydubs1 is changing the vlogging landscape with his wit and humor, helping‚Ä¶",FALSE,0,NA,2020-08-20 13:30:47,FALSE,NA,"1296439538299080704",NA,"<a href=""http://twitter.com/download/android"" rel=""nofollow"">Twitter for Android</a>","calcifer_emi",40,TRUE,FALSE,NA,NA
"52","@cruisebill HAHAHAHA ang tanong sino si Aling Cely at sino si Aunt Julie",FALSE,1,"cruisebill",2020-08-20 13:30:29,FALSE,"1296439243657687042","1296439465595023368","38178555","<a href=""http://twitter.com/download/iphone"" rel=""nofollow"">Twitter for iPhone</a>","sT1ckerrH4pPy",0,FALSE,FALSE,NA,NA
"53","RT @cnnphilippines: ‚ÄúAunt Julie meets Tita Pia‚Äù

Influencer @macoydubs1 is changing the vlogging landscape with his wit and humor, helping‚Ä¶",FALSE,0,NA,2020-08-20 13:28:16,FALSE,NA,"1296438906112614401",NA,"<a href=""http://twitter.com/download/iphone"" rel=""nofollow"">Twitter for iPhone</a>","tonyocruz",40,TRUE,FALSE,NA,NA
"54","RT @cnnphilippines: ‚ÄúAunt Julie meets Tita Pia‚Äù

Influencer @macoydubs1 is changing the vlogging landscape with his wit and humor, helping‚Ä¶",FALSE,0,NA,2020-08-20 13:28:15,FALSE,NA,"1296438903235317760",NA,"<a href=""http://twitter.com/download/android"" rel=""nofollow"">Twitter for Android</a>","JCSibayan23",40,TRUE,FALSE,NA,NA
"55","@macoydubs1 Aunt Julie may balbas po kayo hahaha",FALSE,0,"macoydubs1",2020-08-20 13:26:12,FALSE,"1296301234383499264","1296438383812718592","1204452994034454528","<a href=""http://twitter.com/download/iphone"" rel=""nofollow"">Twitter for iPhone</a>","TBentot",0,FALSE,FALSE,NA,NA
"56","After a long day at work watching Aunt Julie (@macoydubs1) makes my mood 100% better ‚ù§Ô∏è. Abangerz always sa new vids. hahaha",FALSE,0,NA,2020-08-20 13:20:42,FALSE,NA,"1296436999818223620",NA,"<a href=""http://twitter.com/download/iphone"" rel=""nofollow"">Twitter for iPhone</a>","fayeeexxn",0,FALSE,FALSE,NA,NA
"57","‚ÄúCALL ME AUNT JULIE~‚Äù https://t.co/xPFDsLKmOi",FALSE,1,NA,2020-08-20 13:18:41,FALSE,NA,"1296436495264419845",NA,"<a href=""http://twitter.com/download/iphone"" rel=""nofollow"">Twitter for iPhone</a>","danielajoanne_",0,FALSE,FALSE,NA,NA
"58","RT @hobbynear: The amount of truth in this tweet. Gets ko yung Titas of Manila but I just know Aunt Julie‚Äôs mom is probably a Kulasa with a‚Ä¶",FALSE,0,NA,2020-08-20 13:13:04,FALSE,NA,"1296435079712047114",NA,"<a href=""http://twitter.com/download/iphone"" rel=""nofollow"">Twitter for iPhone</a>","fillet0fishy",4,TRUE,FALSE,NA,NA
"59","RT @_bellepepperr: Aunt Julie @macoydubs1  this is Cassandra pala! Omg! She looks like you!!",FALSE,0,NA,2020-08-20 13:03:24,FALSE,NA,"1296432648223698944",NA,"<a href=""http://twitter.com/download/android"" rel=""nofollow"">Twitter for Android</a>","_reevoooatkins",1,TRUE,FALSE,NA,NA
"60","RT @cnnphilippines: ‚ÄúAunt Julie meets Tita Pia‚Äù

Influencer @macoydubs1 is changing the vlogging landscape with his wit and humor, helping‚Ä¶",FALSE,0,NA,2020-08-20 13:02:27,FALSE,NA,"1296432407726489606",NA,"<a href=""https://mobile.twitter.com"" rel=""nofollow"">Twitter Web App</a>","Just_HaroldLP",40,TRUE,FALSE,NA,NA
"61","RT @cnnphilippines: ‚ÄúAunt Julie meets Tita Pia‚Äù

Influencer @macoydubs1 is changing the vlogging landscape with his wit and humor, helping‚Ä¶",FALSE,0,NA,2020-08-20 12:59:47,FALSE,NA,"1296431738202316805",NA,"<a href=""http://twitter.com/download/iphone"" rel=""nofollow"">Twitter for iPhone</a>","nixologist",40,TRUE,FALSE,NA,NA
"62","RT @thexwanders: Aunt Julie's son??? Hahahahahahahaha https://t.co/LuSPzbRoXc",FALSE,0,NA,2020-08-20 12:58:03,FALSE,NA,"1296431299692027907",NA,"<a href=""http://twitter.com/download/iphone"" rel=""nofollow"">Twitter for iPhone</a>","jongifuckery",3,TRUE,FALSE,NA,NA
"63","RT @thexwanders: Aunt Julie's son??? Hahahahahahahaha https://t.co/LuSPzbRoXc",FALSE,0,NA,2020-08-20 12:56:25,FALSE,NA,"1296430892517294082",NA,"<a href=""http://twitter.com/download/iphone"" rel=""nofollow"">Twitter for iPhone</a>","annyeoungkyun",3,TRUE,FALSE,NA,NA
"64","He is just rich and mayabang, not conyo lol

Di nya ka level si Aunt Julie üòÇ 

Sana mataas grades nya lol https://t.co/kXQtaz8LO8",FALSE,0,NA,2020-08-20 12:56:23,FALSE,NA,"1296430883923275779",NA,"<a href=""http://twitter.com/#!/download/ipad"" rel=""nofollow"">Twitter for iPad</a>","parksodamned",0,FALSE,FALSE,NA,NA
"65","aunt julie i brought u 2 boxes of cheese rolls from mary grace and new pods for ur nespresso!!",FALSE,2,NA,2020-08-20 12:54:25,FALSE,NA,"1296430386482995205",NA,"<a href=""http://twitter.com/download/iphone"" rel=""nofollow"">Twitter for iPhone</a>","chaarlesdc",0,FALSE,FALSE,NA,NA
"66","looking forward to aunt julie videos after class üòÇ hapit naaaa",FALSE,1,NA,2020-08-20 12:53:56,FALSE,NA,"1296430264336502784",NA,"<a href=""http://twitter.com/download/iphone"" rel=""nofollow"">Twitter for iPhone</a>","fr3yacatsz",0,FALSE,FALSE,NA,NA
"67","Hahaha aunt julie!!! Can I meet robert angelo? Hahahahahah https://t.co/a3tEFnC2cY",FALSE,2,NA,2020-08-20 12:53:29,FALSE,NA,"1296430154110177280",NA,"<a href=""http://twitter.com/download/android"" rel=""nofollow"">Twitter for Android</a>","architectlurkin",0,FALSE,FALSE,NA,NA
"68","RT @jaicabajar: By tita, I mean aunt Julie.",FALSE,0,NA,2020-08-20 12:52:07,FALSE,NA,"1296429808319168512",NA,"<a href=""http://twitter.com/download/android"" rel=""nofollow"">Twitter for Android</a>","TeeJoshuaaaa",111,TRUE,FALSE,NA,NA
"69","RT @cnnphilippines: ‚ÄúAunt Julie meets Tita Pia‚Äù

Influencer @macoydubs1 is changing the vlogging landscape with his wit and humor, helping‚Ä¶",FALSE,0,NA,2020-08-20 12:51:59,FALSE,NA,"1296429776400523266",NA,"<a href=""http://twitter.com/download/android"" rel=""nofollow"">Twitter for Android</a>","apriiiiiiiilll",40,TRUE,FALSE,NA,NA
"70","RT @cnnphilippines: ‚ÄúAunt Julie meets Tita Pia‚Äù

Influencer @macoydubs1 is changing the vlogging landscape with his wit and humor, helping‚Ä¶",FALSE,0,NA,2020-08-20 12:51:16,FALSE,NA,"1296429592899735553",NA,"<a href=""http://twitter.com/download/iphone"" rel=""nofollow"">Twitter for iPhone</a>","YupImThatGhurl",40,TRUE,FALSE,NA,NA
"71","RT @cnnphilippines: ‚ÄúAunt Julie meets Tita Pia‚Äù

Influencer @macoydubs1 is changing the vlogging landscape with his wit and humor, helping‚Ä¶",FALSE,0,NA,2020-08-20 12:50:36,FALSE,NA,"1296429428038402048",NA,"<a href=""https://mobile.twitter.com"" rel=""nofollow"">Twitter Web App</a>","__thebetter",40,TRUE,FALSE,NA,NA
"72","tara let‚Äôs make kita kita aunt julie https://t.co/rdibiDBGF6",FALSE,1,NA,2020-08-20 12:49:03,FALSE,NA,"1296429035355017217",NA,"<a href=""http://twitter.com/download/iphone"" rel=""nofollow"">Twitter for iPhone</a>","_iamgruth",0,FALSE,FALSE,NA,NA
"73","Aunt Julie, is that you??? https://t.co/ZqAbbcQBcX",FALSE,3,NA,2020-08-20 12:48:28,FALSE,NA,"1296428891213565952",NA,"<a href=""http://twitter.com/download/iphone"" rel=""nofollow"">Twitter for iPhone</a>","Piawearsglasses",0,FALSE,FALSE,NA,NA
"74","Woow Aunt Julie @macoydubs1 üíñü§ü https://t.co/yfKKe69nJE",FALSE,1,NA,2020-08-20 12:47:34,FALSE,NA,"1296428662162677763",NA,"<a href=""http://twitter.com/download/android"" rel=""nofollow"">Twitter for Android</a>","IAmJowABLEs",0,FALSE,FALSE,NA,NA
"75","Aunt Julie @macoydubs1  this is Cassandra pala! Omg! She looks like you!! https://t.co/R7hqNmN6Bo",FALSE,3,NA,2020-08-20 12:46:31,FALSE,NA,"1296428400509411328",NA,"<a href=""http://twitter.com/download/iphone"" rel=""nofollow"">Twitter for iPhone</a>","_bellepepperr",1,FALSE,FALSE,NA,NA
"76","Aunt Julie's son??? Hahahahahahahaha https://t.co/neoTTZg2U4 https://t.co/LuSPzbRoXc",FALSE,21,NA,2020-08-20 12:46:08,FALSE,NA,"1296428302501019648",NA,"<a href=""http://twitter.com/download/android"" rel=""nofollow"">Twitter for Android</a>","thexwanders",3,FALSE,FALSE,NA,NA
"77","RT @cnnphilippines: ‚ÄúAunt Julie meets Tita Pia‚Äù

Influencer @macoydubs1 is changing the vlogging landscape with his wit and humor, helping‚Ä¶",FALSE,0,NA,2020-08-20 12:46:01,FALSE,NA,"1296428274332164096",NA,"<a href=""https://mobile.twitter.com"" rel=""nofollow"">Twitter Web App</a>","_jhanxdee",40,TRUE,FALSE,NA,NA
"78","@cnnphilippines @macoydubs1 @piahontiveros this is legit! Aunt Julie meeting with her  hermana Aunt Pia üòÜ",FALSE,14,"cnnphilippines",2020-08-20 12:42:26,FALSE,"1296426763719933952","1296427373680877570","2811559122","<a href=""http://twitter.com/download/android"" rel=""nofollow"">Twitter for Android</a>","babyfatty22",0,FALSE,FALSE,NA,NA
"79","RT @hobbynear: The amount of truth in this tweet. Gets ko yung Titas of Manila but I just know Aunt Julie‚Äôs mom is probably a Kulasa with a‚Ä¶",FALSE,0,NA,2020-08-20 12:40:45,FALSE,NA,"1296426948206440448",NA,"<a href=""http://twitter.com/download/iphone"" rel=""nofollow"">Twitter for iPhone</a>","trishupaper",4,TRUE,FALSE,NA,NA
"80","‚ÄúAunt Julie meets Tita Pia‚Äù

Influencer @macoydubs1 is changing the vlogging landscape with his wit and humor, help‚Ä¶ https://t.co/w6EDaNXx6Z",FALSE,583,NA,2020-08-20 12:40:01,TRUE,NA,"1296426763719933952",NA,"<a href=""https://about.twitter.com/products/tweetdeck"" rel=""nofollow"">TweetDeck</a>","cnnphilippines",40,FALSE,FALSE,NA,NA
"81","can i just have an aunt julie @macoydubs1",FALSE,1,NA,2020-08-20 12:38:53,FALSE,NA,"1296426478624792576",NA,"<a href=""http://twitter.com/download/android"" rel=""nofollow"">Twitter for Android</a>","saandriing",0,FALSE,FALSE,NA,NA
"82","RT @jaicabajar: By tita, I mean aunt Julie.",FALSE,0,NA,2020-08-20 12:31:01,FALSE,NA,"1296424498401611777",NA,"<a href=""http://twitter.com/download/android"" rel=""nofollow"">Twitter for Android</a>","aubieg_",111,TRUE,FALSE,NA,NA
"83","@macoydubs1 Noted po aunt julie",FALSE,0,"macoydubs1",2020-08-20 12:30:18,FALSE,"1296374239927218176","1296424318113546243","1204452994034454528","<a href=""http://twitter.com/download/iphone"" rel=""nofollow"">Twitter for iPhone</a>","eyang_it",0,FALSE,FALSE,NA,NA
"84","we love aunt julie with the pearls and marc jacobs snapshot bag haha https://t.co/MOWYzQBxbF",FALSE,0,NA,2020-08-20 12:29:20,FALSE,NA,"1296424076546801665",NA,"<a href=""http://twitter.com/download/iphone"" rel=""nofollow"">Twitter for iPhone</a>","jeweltomolin_",0,FALSE,FALSE,NA,NA
"85","RT @kanaliciousss: Aunt Julie is the only aunt that I will accept https://t.co/qDgNgCC9jA",FALSE,0,NA,2020-08-20 12:28:50,FALSE,NA,"1296423948331220992",NA,"<a href=""https://mobile.twitter.com"" rel=""nofollow"">Twitter Web App</a>","Chwengie",1,TRUE,FALSE,NA,NA
"86","aunt julie issa vibe üò´‚úäüèª https://t.co/RuBYfTCThX",FALSE,0,NA,2020-08-20 12:26:11,FALSE,NA,"1296423282644836352",NA,"<a href=""http://twitter.com/#!/download/ipad"" rel=""nofollow"">Twitter for iPad</a>","timoncalimlim",0,FALSE,FALSE,NA,NA
"87","Macoydubs mean girls dub sa cafeteria was really funny. The rest of his vids after that sobrang corny n, parang dpa‚Ä¶ https://t.co/jp3AczQ9Gz",FALSE,2,NA,2020-08-20 12:24:15,TRUE,NA,"1296422796684406790",NA,"<a href=""http://twitter.com/download/iphone"" rel=""nofollow"">Twitter for iPhone</a>","ryelixir",0,FALSE,FALSE,NA,NA
"88","@JayMaputiii AUNT JULIE IS ASKING MAN GUD DAW",FALSE,0,"JayMaputiii",2020-08-20 12:14:58,FALSE,"1296420211600560135","1296420461371432960","1044050039155249153","<a href=""http://twitter.com/download/iphone"" rel=""nofollow"">Twitter for iPhone</a>","jazminchuaaa",0,FALSE,FALSE,NA,NA
"89","im gonna get cease and desist orders bc of my aunt julie tweets am i?",FALSE,2,NA,2020-08-20 12:14:49,FALSE,NA,"1296420423584878592",NA,"<a href=""https://mobile.twitter.com"" rel=""nofollow"">Twitter Web App</a>","hobbynear",0,FALSE,FALSE,NA,NA
"90","@hobbynear Feel ko Aunt Julie has a cousin na food historian who wrote extensively about local cuisine aka generati‚Ä¶ https://t.co/9hKJIuOn4B",FALSE,2,"hobbynear",2020-08-20 11:58:52,TRUE,"1296413436948238336","1296416406678970369","785218772009259008","<a href=""http://twitter.com/download/android"" rel=""nofollow"">Twitter for Android</a>","kiendevelos",0,FALSE,FALSE,NA,NA
"91","@KrissyAchino @macoydubs1 Been waiting for this collab! Hahaha! Ang natural!

P.S. Pwede kayang Tita Krissy and Aunt Julie naman?",FALSE,6,"KrissyAchino",2020-08-20 11:55:29,FALSE,"1296380973131509760","1296415558297100288","141106416","<a href=""https://mobile.twitter.com"" rel=""nofollow"">Twitter Web App</a>","itsmepammiebee",0,FALSE,FALSE,NA,NA
"92","RT @MissMarisRacal: kinda sad. i just want aunt julie to therapize me.",FALSE,0,NA,2020-08-20 11:53:41,FALSE,NA,"1296415101390553090",NA,"<a href=""http://twitter.com/download/android"" rel=""nofollow"">Twitter for Android</a>","paclibar_aj",300,TRUE,FALSE,NA,NA
"93","knows ko na ano apilyedo ni aunt julie-----bakeshop. aunt julie bakeshop nyenye waley",FALSE,0,NA,2020-08-20 11:53:07,FALSE,NA,"1296414961015689218",NA,"<a href=""https://mobile.twitter.com"" rel=""nofollow"">Twitter Web App</a>","sceliness",0,FALSE,FALSE,NA,NA
"94","Aunt Julie waiting for her napoleones during Negros Trade Fair in one of the cafes at Glorietta because her second‚Ä¶ https://t.co/RTjBHpWvj0",FALSE,22,NA,2020-08-20 11:52:15,TRUE,NA,"1296414744400855040",NA,"<a href=""http://twitter.com/download/iphone"" rel=""nofollow"">Twitter for iPhone</a>","hobbynear",0,FALSE,FALSE,NA,NA
"95","RT @KrissyAchino: Your Aunt Julie @MacoyDubs1 invited me to a Zoom Conference earlier. I‚Äôll post the ganaps tomorrow on TikTok. You guys wa‚Ä¶",FALSE,0,NA,2020-08-20 11:51:22,FALSE,NA,"1296414520970301441",NA,"<a href=""http://twitter.com/download/android"" rel=""nofollow"">Twitter for Android</a>","erecuhhhh",45,TRUE,FALSE,NA,NA
"96","@LGregoriooo aunt julie HAHAHAHHA ""did u use ___?""",FALSE,0,"LGregoriooo",2020-08-20 11:42:51,FALSE,"1296411627538075653","1296412377563488258","3157686426","<a href=""http://twitter.com/download/android"" rel=""nofollow"">Twitter for Android</a>","nicolee_debelen",0,FALSE,FALSE,NA,NA
"97","yes po aunt julie https://t.co/YNgPEdJGwU",FALSE,1,NA,2020-08-20 11:40:59,FALSE,NA,"1296411908338319360",NA,"<a href=""https://mobile.twitter.com"" rel=""nofollow"">Twitter Web App</a>","johnnetteeeee",0,FALSE,FALSE,NA,NA
"98","Aunt Julie as an investigation in the inner lives of the last generation of Hacienderos charot kasi hindi na lucrat‚Ä¶ https://t.co/nSl122wSSc",FALSE,2,"hobbynear",2020-08-20 11:39:08,TRUE,"1296410790564634624","1296411443319967745","785218772009259008","<a href=""https://mobile.twitter.com"" rel=""nofollow"">Twitter Web App</a>","hobbynear",0,FALSE,FALSE,NA,NA
"99","@celineannlzd Nagpaalam ako kay aunt julie na luluhod hahahahahah magaling lumuhod po ahahhahaa",FALSE,0,"celineannlzd",2020-08-20 11:38:09,FALSE,"1296410397159952388","1296411192190218245","192356286","<a href=""http://twitter.com/download/iphone"" rel=""nofollow"">Twitter for iPhone</a>","prrrrb",0,FALSE,FALSE,NA,NA
"100","I want an aunt like Aunt Julie ü•∫ https://t.co/CgHU6orcOb",FALSE,0,NA,2020-08-20 11:37:39,FALSE,NA,"1296411069284524033",NA,"<a href=""http://twitter.com/download/iphone"" rel=""nofollow"">Twitter for iPhone</a>","_rach_____",0,FALSE,FALSE,NA,NA
"101","@sinkORswim08 HAHAHAHAAH aunt julie i need allowance ahhahaha",FALSE,0,"sinkORswim08",2020-08-20 11:33:08,FALSE,"1296409650494136321","1296409929616678912","1235980202389327872","<a href=""http://twitter.com/download/iphone"" rel=""nofollow"">Twitter for iPhone</a>","prrrrb",0,FALSE,FALSE,NA,NA
"102","@prrrrb Im expecting to see other dance cover russ, you know aunt julie will be very proud hahahahaha",FALSE,1,"prrrrb",2020-08-20 11:32:01,FALSE,"1296408170454294528","1296409650494136321","1104287409141764097","<a href=""http://twitter.com/download/android"" rel=""nofollow"">Twitter for Android</a>","sinkORswim08",0,FALSE,FALSE,NA,NA
"103","@KarlBauuu @macoydubs1 Keep going as Robert Angelo bagay sa yo. So far ikaw pinaka natural ang dating sa mga dumu-duet kay aunt julie",FALSE,6,"KarlBauuu",2020-08-20 11:31:16,FALSE,"1296384000563396608","1296409463583383552","478622299","<a href=""http://twitter.com/download/iphone"" rel=""nofollow"">Twitter for iPhone</a>","huninionad",0,FALSE,FALSE,NA,NA
"104","@macoydubs1 Aunt Julie might forget to wear mask but never the pearls üòÖ",FALSE,0,"macoydubs1",2020-08-20 11:30:54,FALSE,"1296374239927218176","1296409368414556160","1204452994034454528","<a href=""http://twitter.com/download/iphone"" rel=""nofollow"">Twitter for iPhone</a>","doc_jiyeon",0,FALSE,FALSE,NA,NA
"105","That string of pearls is from Aunt Julie's 97 year-old lola who has a lot of their family jewels stored in the vaul‚Ä¶ https://t.co/PqUCkGwcIa",FALSE,15,NA,2020-08-20 11:29:41,TRUE,NA,"1296409061932576768",NA,"<a href=""https://mobile.twitter.com"" rel=""nofollow"">Twitter Web App</a>","hobbynear",0,FALSE,FALSE,NA,NA
"106","I wanna have Auntie Julie as my aunt ü•∫üíì‚ú® https://t.co/Qe1BR5zpCG",FALSE,1,NA,2020-08-20 11:29:17,FALSE,NA,"1296408961588043777",NA,"<a href=""http://twitter.com/download/iphone"" rel=""nofollow"">Twitter for iPhone</a>","erikabeatrice_",0,FALSE,FALSE,NA,NA
"107","AAAAA I LIVE FOR AUNT CELY X AUNT JULIE DUETS AHSHSHS",FALSE,7,NA,2020-08-20 11:21:51,FALSE,NA,"1296407091423383552",NA,"<a href=""http://twitter.com/download/iphone"" rel=""nofollow"">Twitter for iPhone</a>","fayesarbina",0,FALSE,FALSE,NA,NA
"108","I need an aunt like aunt julie",FALSE,0,NA,2020-08-20 11:13:21,FALSE,NA,"1296404954186473472",NA,"<a href=""http://twitter.com/download/android"" rel=""nofollow"">Twitter for Android</a>","jamesmcbp",0,FALSE,FALSE,NA,NA
"109","Aunt Julie is the only aunt that I will accept https://t.co/qDgNgCC9jA",FALSE,4,NA,2020-08-20 11:13:11,FALSE,NA,"1296404911316443136",NA,"<a href=""http://twitter.com/download/android"" rel=""nofollow"">Twitter for Android</a>","kanaliciousss",1,FALSE,FALSE,NA,NA
"110","hello po aunt julie @macoydubs1 ask ko lang if kayo may-ari nung bakeshop?? yung julie's bakeshop? eme",FALSE,1,NA,2020-08-20 11:00:49,FALSE,NA,"1296401797045800961",NA,"<a href=""http://twitter.com/download/android"" rel=""nofollow"">Twitter for Android</a>","theaceteves",0,FALSE,FALSE,NA,NA
"111","Seryoso tuwang tuwa ako kay Aunt Julie https://t.co/Zt6oJ40v98",FALSE,0,NA,2020-08-20 10:58:06,FALSE,NA,"1296401116930781184",NA,"<a href=""http://twitter.com/download/iphone"" rel=""nofollow"">Twitter for iPhone</a>","Burikol",0,FALSE,FALSE,NA,NA
"112","Kamukha ni Aunt Julie yung dating boss namin sa GSK hahahahaha",FALSE,0,NA,2020-08-20 10:40:42,FALSE,NA,"1296396734852210689",NA,"<a href=""http://twitter.com/download/iphone"" rel=""nofollow"">Twitter for iPhone</a>","DanaKamote",0,FALSE,FALSE,NA,NA
"113","Aunt julie the mother of pearls https://t.co/rgtD3emy3W",FALSE,0,NA,2020-08-20 10:34:40,FALSE,NA,"1296395215993880581",NA,"<a href=""http://twitter.com/download/android"" rel=""nofollow"">Twitter for Android</a>","rdahildahil_",0,FALSE,FALSE,NA,NA
"114","RT @MissMarisRacal: kinda sad. i just want aunt julie to therapize me.",FALSE,0,NA,2020-08-20 10:33:59,FALSE,NA,"1296395047449948160",NA,"<a href=""http://twitter.com/download/android"" rel=""nofollow"">Twitter for Android</a>","g_gepulle",300,TRUE,FALSE,NA,NA
"115","RT @jaicabajar: By tita, I mean aunt Julie.",FALSE,0,NA,2020-08-20 10:33:38,FALSE,NA,"1296394959893889024",NA,"<a href=""http://twitter.com/download/android"" rel=""nofollow"">Twitter for Android</a>","roadjackk",111,TRUE,FALSE,NA,NA
"116","Thanks aunt Julie‚ù§ https://t.co/d7mWpJGyM1",FALSE,0,NA,2020-08-20 10:33:26,FALSE,NA,"1296394909503504386",NA,"<a href=""http://twitter.com/download/android"" rel=""nofollow"">Twitter for Android</a>","kimrbnl",0,FALSE,FALSE,NA,NA
"117","RT @G_ekkoism: Aunt Julie 's (@macoydubs1 ) son (@KarlBauuu) using dating app be like. Lalamove be scratching their heads to why they are t‚Ä¶",FALSE,0,NA,2020-08-20 10:29:18,FALSE,NA,"1296393867445460997",NA,"<a href=""http://twitter.com/download/android"" rel=""nofollow"">Twitter for Android</a>","lei_amiel",44,TRUE,FALSE,NA,NA
"118","Aunt Julie please help us po. Maraming salamat po from Poveda. @macoydubs1",FALSE,0,"janderekchua",2020-08-20 10:27:40,FALSE,"1296384674994851842","1296393455963238401","1438751594","<a href=""http://twitter.com/download/iphone"" rel=""nofollow"">Twitter for iPhone</a>","janderekchua",0,FALSE,FALSE,NA,NA
"119","I need an aunt julie in my lifeee",FALSE,0,NA,2020-08-20 10:25:33,FALSE,NA,"1296392925719351296",NA,"<a href=""http://twitter.com/download/iphone"" rel=""nofollow"">Twitter for iPhone</a>","jejeaneane",0,FALSE,FALSE,NA,NA
"120","RT @jaicabajar: By tita, I mean aunt Julie.",FALSE,0,NA,2020-08-20 10:24:46,FALSE,NA,"1296392727337164800",NA,"<a href=""http://twitter.com/download/android"" rel=""nofollow"">Twitter for Android</a>","damselinreverie",111,TRUE,FALSE,NA,NA
"121","@vln_alter @daemondvo Noooo! It's Aunt Julie! Ano ka ba!! Nakakahiya sa mga hermana ko hahaha",FALSE,1,"vln_alter",2020-08-20 10:22:32,FALSE,"1296391510745726977","1296392166349008896","769047176605528064","<a href=""http://twitter.com/download/iphone"" rel=""nofollow"">Twitter for iPhone</a>","tsinitonghilaw",0,FALSE,FALSE,NA,NA
"122","Thanks po, aunt Julie!!",FALSE,2,NA,2020-08-20 10:02:27,FALSE,NA,"1296387112208445445",NA,"<a href=""http://twitter.com/download/android"" rel=""nofollow"">Twitter for Android</a>","marionleands",0,FALSE,FALSE,NA,NA
"123","Curious nako sino hubby ni aunt Julie :( https://t.co/hV0IwWmXJo",FALSE,0,NA,2020-08-20 09:56:25,FALSE,NA,"1296385591131508736",NA,"<a href=""https://mobile.twitter.com"" rel=""nofollow"">Twitter Web App</a>","ncl_dvg",0,FALSE,FALSE,NA,NA
"124","i feel more safe with aunt julie than with my own m0m thanks aunt julie https://t.co/oyiFDG4kVG",FALSE,2,NA,2020-08-20 09:49:46,FALSE,NA,"1296383920187949056",NA,"<a href=""http://twitter.com/download/android"" rel=""nofollow"">Twitter for Android</a>","chelocean_sea",0,FALSE,FALSE,NA,NA
"125","Aling Cely x Aunt Julie

Sali ninyo na si dudut. Haha! https://t.co/rnMWJOHDrr",FALSE,0,NA,2020-08-20 09:42:44,FALSE,NA,"1296382147687677954",NA,"<a href=""http://twitter.com/download/android"" rel=""nofollow"">Twitter for Android</a>","sulitdale",0,FALSE,FALSE,NA,NA
"126","@macoydubs1 Aunt Julie serving ‚ÄúPearlas na hindi nakaw gaya ng kay Imelda eleganza extravaganza‚Äù and we are living!",FALSE,6,"macoydubs1",2020-08-20 09:39:15,FALSE,"1296374239927218176","1296381272453914624","1204452994034454528","<a href=""http://twitter.com/#!/download/ipad"" rel=""nofollow"">Twitter for iPad</a>","bayotlogy",0,FALSE,FALSE,NA,NA
"127","@kebcuevas @fitness_asian @macoydubs1 sana magpa ulan ng ube loaf si Aunt Julie. üíï",FALSE,0,"kebcuevas",2020-08-20 09:31:58,FALSE,"1296379082494468097","1296379439853387776","151387757","<a href=""http://twitter.com/download/android"" rel=""nofollow"">Twitter for Android</a>","itsssidney",0,FALSE,FALSE,NA,NA
"128","@macoydubs1 wow naka snapshot si aunt julie naol",FALSE,0,"macoydubs1",2020-08-20 09:30:53,FALSE,"1296374239927218176","1296379167496257536","1204452994034454528","<a href=""http://twitter.com/download/android"" rel=""nofollow"">Twitter for Android</a>","isxbellem",0,FALSE,FALSE,NA,NA
"129","Thank you, Aunt Julie! https://t.co/zB3fEWG8MN",FALSE,0,NA,2020-08-20 09:30:22,FALSE,NA,"1296379038282309637",NA,"<a href=""http://twitter.com/download/iphone"" rel=""nofollow"">Twitter for iPhone</a>","Jmrchj",0,FALSE,FALSE,NA,NA
"130","@macoydubs1 The PEARLS and bag Aunt Julie üíØüíØüíØ
but not that kind of face shield po.üòúüòúüòú",FALSE,0,"macoydubs1",2020-08-20 09:24:47,FALSE,"1296374239927218176","1296377632704012289","1204452994034454528","<a href=""http://twitter.com/download/android"" rel=""nofollow"">Twitter for Android</a>","__haybibih",0,FALSE,FALSE,NA,NA
"131","iloveyou aunt julie ü•∫‚ù§Ô∏è https://t.co/d54TnzMO9R",FALSE,1,NA,2020-08-20 09:22:15,FALSE,NA,"1296376995278761989",NA,"<a href=""http://twitter.com/download/iphone"" rel=""nofollow"">Twitter for iPhone</a>","vicer4ls",0,FALSE,FALSE,NA,NA
"132","Aunt Julie, is that you? char. HAHAHAAHH. https://t.co/C0HL98A2Gx",FALSE,0,NA,2020-08-20 09:19:13,FALSE,NA,"1296376231470931973",NA,"<a href=""http://twitter.com/download/android"" rel=""nofollow"">Twitter for Android</a>","kxrlnxkxlxx",0,FALSE,FALSE,NA,NA
"133","@macoydubs1 Aunt Julie, legs Kung legs",FALSE,0,"macoydubs1",2020-08-20 09:18:10,FALSE,"1296374239927218176","1296375964344049665","1204452994034454528","<a href=""http://twitter.com/download/android"" rel=""nofollow"">Twitter for Android</a>","ab6mhcx",0,FALSE,FALSE,NA,NA
"134","RT @KrissyAchino: Your Aunt Julie @MacoyDubs1 invited me to a Zoom Conference earlier. I‚Äôll post the ganaps tomorrow on TikTok. You guys wa‚Ä¶",FALSE,0,NA,2020-08-20 09:16:06,FALSE,NA,"1296375445567311872",NA,"<a href=""http://twitter.com/download/android"" rel=""nofollow"">Twitter for Android</a>","itsme_jings",45,TRUE,FALSE,NA,NA
"135","@macoydubs1 Hala fully realized ka na Aunt Julie!! Hahahaha",FALSE,0,"macoydubs1",2020-08-20 09:14:49,FALSE,"1296374239927218176","1296375125034573824","1204452994034454528","<a href=""http://twitter.com/download/iphone"" rel=""nofollow"">Twitter for iPhone</a>","apbmontano",0,FALSE,FALSE,NA,NA
"136","@macoydubs1 thank u aunt julie üíñ ganda ng shoulder bag",FALSE,0,"macoydubs1",2020-08-20 09:14:00,FALSE,"1296374239927218176","1296374916606906368","1204452994034454528","<a href=""http://twitter.com/download/android"" rel=""nofollow"">Twitter for Android</a>","im_girl11",0,FALSE,FALSE,NA,NA
"137","@macoydubs1 Aunt Julie anong apelyido mo?",FALSE,0,"macoydubs1",2020-08-20 09:12:55,FALSE,"1296374239927218176","1296374645566902273","1204452994034454528","<a href=""https://mobile.twitter.com"" rel=""nofollow"">Twitter Web App</a>","fitness_asian",0,FALSE,FALSE,NA,NA
"138","Akala ko talaga nung una si Marvin Fojas si Aunt Julie HAHAHAHA https://t.co/vRbmIAPovR",FALSE,0,NA,2020-08-20 09:12:24,FALSE,NA,"1296374513936920584",NA,"<a href=""http://twitter.com/download/android"" rel=""nofollow"">Twitter for Android</a>","princ32005",0,FALSE,FALSE,NA,NA
"139","@macoydubs1 Thank u for this message, Aunt Julie!",FALSE,0,"macoydubs1",2020-08-20 09:12:19,FALSE,"1296374239927218176","1296374495783993345","1204452994034454528","<a href=""http://twitter.com/download/iphone"" rel=""nofollow"">Twitter for iPhone</a>","SexbombGurl",0,FALSE,FALSE,NA,NA
"140","aunt julie, is she one ofyour kumares? @macoydubs1 sjjsksksks https://t.co/rQg8RzZoXg",FALSE,0,NA,2020-08-20 09:07:30,FALSE,NA,"1296373282166382593",NA,"<a href=""http://twitter.com/download/android"" rel=""nofollow"">Twitter for Android</a>","gremnoodlestar",0,FALSE,FALSE,NA,NA
"141","@dylanosaurusrex Doc, check niyo po videos ni Macoy Dubs sa twitter as Aunt Julie haha! May character po kasi na Pa‚Ä¶ https://t.co/aE4PEJgs7o",FALSE,1,"dylanosaurusrex",2020-08-20 08:59:19,TRUE,"1296305789661933568","1296371221769068544","365384321","<a href=""https://mobile.twitter.com"" rel=""nofollow"">Twitter Web App</a>","jpdmalanog",0,FALSE,FALSE,NA,NA
"142","RT @KrissyAchino: Your Aunt Julie @MacoyDubs1 invited me to a Zoom Conference earlier. I‚Äôll post the ganaps tomorrow on TikTok. You guys wa‚Ä¶",FALSE,0,NA,2020-08-20 08:55:16,FALSE,NA,"1296370203689803778",NA,"<a href=""http://twitter.com/download/android"" rel=""nofollow"">Twitter for Android</a>","PhAULwithH",45,TRUE,FALSE,NA,NA
"143","RT @hobbynear: The amount of truth in this tweet. Gets ko yung Titas of Manila but I just know Aunt Julie‚Äôs mom is probably a Kulasa with a‚Ä¶",FALSE,0,NA,2020-08-20 08:44:43,FALSE,NA,"1296367549446119429",NA,"<a href=""http://twitter.com/download/android"" rel=""nofollow"">Twitter for Android</a>","alienonthebox",4,TRUE,FALSE,NA,NA
"144","@macoydubs1 @Fynestchina We need a Collab! Aunt Julie x Cassandra!!!",FALSE,0,"macoydubs1",2020-08-20 08:44:13,FALSE,"1296353594002690049","1296367420467159042","1204452994034454528","<a href=""http://twitter.com/download/android"" rel=""nofollow"">Twitter for Android</a>","claudetterd93",0,FALSE,FALSE,NA,NA
"145","i can compose a whole thread about Aunt Julie‚Äôs speculative family history because I know... I just know... ive met‚Ä¶ https://t.co/5qxG4EbpOp",FALSE,6,"hobbynear",2020-08-20 08:40:43,TRUE,"1296365884122910720","1296366539768094720","785218772009259008","<a href=""http://twitter.com/download/iphone"" rel=""nofollow"">Twitter for iPhone</a>","hobbynear",0,FALSE,FALSE,NA,NA
"146","So Aunt Julie has been introduced to wester gay culture nung 80s pa! Hindi niya lang na update kasi busy siya being‚Ä¶ https://t.co/pcFu3kVxzd",FALSE,9,"hobbynear",2020-08-20 08:38:06,TRUE,"1296365517242904581","1296365884122910720","785218772009259008","<a href=""http://twitter.com/download/iphone"" rel=""nofollow"">Twitter for iPhone</a>","hobbynear",0,FALSE,FALSE,NA,NA
"147","@iamgabandres hahays thanks to aunt julie for tweeting it ‚ù§Ô∏è",FALSE,0,"iamgabandres",2020-08-20 08:37:25,FALSE,"1296355121421402112","1296365712693288960","1283367342294962178","<a href=""https://mobile.twitter.com"" rel=""nofollow"">Twitter Web App</a>","BenjieNaraval",0,FALSE,FALSE,NA,NA
"148","And youre wondering why Aunt Julie isnt that homophobic? She has a phag cousin, Eduardo, who fled to New York durin‚Ä¶ https://t.co/pehmIBF1dr",FALSE,10,"hobbynear",2020-08-20 08:36:39,TRUE,"1296364471724593152","1296365517242904581","785218772009259008","<a href=""http://twitter.com/download/iphone"" rel=""nofollow"">Twitter for iPhone</a>","hobbynear",0,FALSE,FALSE,NA,NA
"149","The amount of truth in this tweet. Gets ko yung Titas of Manila but I just know Aunt Julie‚Äôs mom is probably a Kula‚Ä¶ https://t.co/yRrGtRUIpq",FALSE,32,NA,2020-08-20 08:32:30,TRUE,NA,"1296364471724593152",NA,"<a href=""http://twitter.com/download/iphone"" rel=""nofollow"">Twitter for iPhone</a>","hobbynear",4,FALSE,FALSE,NA,NA
"150","@macoydubs1 @Fynestchina Can't wait for the Aunt Julie and Cassandra collab that we deserve.",FALSE,4,"macoydubs1",2020-08-20 08:31:59,FALSE,"1296353594002690049","1296364342179270661","1204452994034454528","<a href=""http://twitter.com/download/android"" rel=""nofollow"">Twitter for Android</a>","kiamoy028",0,FALSE,FALSE,NA,NA
"151","Mga kinain na talaga ng tiktok. 

Lalabas para magtiktok kahit may curfew?? Jusko ipa ban na kaya yung tiktok sa pi‚Ä¶ https://t.co/oqUxN9OgZf",FALSE,1,NA,2020-08-20 08:26:01,TRUE,NA,"1296362843588005890",NA,"<a href=""https://mobile.twitter.com"" rel=""nofollow"">Twitter Web App</a>","DJYC_SecretFile",0,FALSE,FALSE,NA,NA
"152","@jean_mi__ @offroadrj @Britton65Sam @nottco @gott_julie @JaneMoorton @DamageCase1979 @Adrian09395451 @friedalive‚Ä¶ https://t.co/F29MAfeyKP",FALSE,2,"jean_mi__",2020-08-20 08:23:56,TRUE,"1296361884233293824","1296362317303746561","1010902172677132289","<a href=""http://twitter.com/download/iphone"" rel=""nofollow"">Twitter for iPhone</a>","AreCapes",0,FALSE,FALSE,NA,NA
"153","RT @macoydubs1: As Macoy Dubs:
Bago lang ako matulog, I just wanna thank everyone coz mukhang happy kayo sa Aunt Julie series, Duets namin‚Ä¶",FALSE,0,NA,2020-08-20 08:19:52,FALSE,NA,"1296361292769431554",NA,"<a href=""http://twitter.com/download/android"" rel=""nofollow"">Twitter for Android</a>","kingjimuel11",478,TRUE,FALSE,NA,NA
"154","RT @thArtofPatpat: Our favorite tita, the one who spoils her inaanaks.

Hi Aunt Julie !
@macoydubs1 
#artph https://t.co/A11DW1xbsz",FALSE,0,NA,2020-08-20 08:17:01,FALSE,NA,"1296360577925697537",NA,"<a href=""http://twitter.com/download/android"" rel=""nofollow"">Twitter for Android</a>","kwengyynugh",45,TRUE,FALSE,NA,NA
"155","RT @jaicabajar: By tita, I mean aunt Julie. https://t.co/3NzhvPClYJ",FALSE,0,NA,2020-08-20 08:12:26,FALSE,NA,"1296359424186081281",NA,"<a href=""https://mobile.twitter.com"" rel=""nofollow"">Twitter Web App</a>","JunioraAriel",111,TRUE,FALSE,NA,NA
"156","RT @HAILMATRIX_: I want a tita like Aunt Julie irl :-((",FALSE,0,NA,2020-08-20 08:08:26,FALSE,NA,"1296358417754292224",NA,"<a href=""http://twitter.com/download/android"" rel=""nofollow"">Twitter for Android</a>","farragee",1,TRUE,FALSE,NA,NA
"157","RT @thArtofPatpat: Our favorite tita, the one who spoils her inaanaks.

Hi Aunt Julie !
@macoydubs1 
#artph https://t.co/A11DW1xbsz",FALSE,0,NA,2020-08-20 08:05:40,FALSE,NA,"1296357721487208449",NA,"<a href=""http://twitter.com/download/android"" rel=""nofollow"">Twitter for Android</a>","itsshazeee_",45,TRUE,FALSE,NA,NA
"158","I want a tita like Aunt Julie irl :-((",FALSE,16,NA,2020-08-20 08:04:13,FALSE,NA,"1296357354967937024",NA,"<a href=""http://twitter.com/download/iphone"" rel=""nofollow"">Twitter for iPhone</a>","HAILMATRIX_",1,FALSE,FALSE,NA,NA
"159","@macoydubs1 Mine's not working din, aunt julie. Tapos ang shitty din ng internet service ng mga network jusko. Ano naaaa",FALSE,6,"macoydubs1",2020-08-20 07:57:12,FALSE,"1296350704148205568","1296355591514775552","1204452994034454528","<a href=""http://twitter.com/download/android"" rel=""nofollow"">Twitter for Android</a>","dennisecariaso",0,FALSE,FALSE,NA,NA
"160","@macoydubs1 @Fynestchina whaaaaa..the Hermanas making paramdam na Aunt Julie looking forward to Home Owner's annual meeting üòú",FALSE,0,"macoydubs1",2020-08-20 07:54:21,FALSE,"1296353594002690049","1296354871252258818","1204452994034454528","<a href=""http://twitter.com/download/android"" rel=""nofollow"">Twitter for Android</a>","__haybibih",0,FALSE,FALSE,NA,NA
"161","@mj_xo_ox i know right hahaha this drama is so funny kaya hahahaha and Aunt Julie is such a higad ü§£ü§£",FALSE,0,"mj_xo_ox",2020-08-20 07:52:27,FALSE,"1296342887181950977","1296354393827115008","1239084245349314560","<a href=""http://twitter.com/download/android"" rel=""nofollow"">Twitter for Android</a>","pigpeach09",0,FALSE,FALSE,NA,NA
"162","Aunt Julie pray for us",FALSE,4,NA,2020-08-20 07:51:02,FALSE,NA,"1296354039651692544",NA,"<a href=""http://twitter.com/download/iphone"" rel=""nofollow"">Twitter for iPhone</a>","tbarriosss",0,FALSE,FALSE,NA,NA
"163","RT @jaicabajar: By tita, I mean aunt Julie.",FALSE,0,NA,2020-08-20 07:28:35,FALSE,NA,"1296348389391515649",NA,"<a href=""http://twitter.com/download/android"" rel=""nofollow"">Twitter for Android</a>","imyourjalapeno",111,TRUE,FALSE,NA,NA
"164","RT @jaicabajar: By tita, I mean aunt Julie.",FALSE,0,NA,2020-08-20 07:19:00,FALSE,NA,"1296345976072880128",NA,"<a href=""http://twitter.com/download/android"" rel=""nofollow"">Twitter for Android</a>","LaineLagundino",111,TRUE,FALSE,NA,NA
"165","@chhristinejoyce I love aunt julie too",FALSE,0,"chhristinejoyce",2020-08-20 07:09:33,FALSE,"1296295151455752192","1296343599722795008","152961411","<a href=""http://twitter.com/download/android"" rel=""nofollow"">Twitter for Android</a>","analivillamor",0,FALSE,FALSE,NA,NA
"166","RT @jaicabajar: By tita, I mean aunt Julie.",FALSE,0,NA,2020-08-20 07:01:35,FALSE,NA,"1296341593318764545",NA,"<a href=""http://twitter.com/download/android"" rel=""nofollow"">Twitter for Android</a>","pagodasicho92",111,TRUE,FALSE,NA,NA
"167","Aunt Julie is one of the people who brightens my day. HAHAHHAHAHA",FALSE,1,NA,2020-08-20 06:47:18,FALSE,NA,"1296337998754099201",NA,"<a href=""http://twitter.com/download/android"" rel=""nofollow"">Twitter for Android</a>","CrlllSaintiago",0,FALSE,FALSE,NA,NA
"168","RT @thArtofPatpat: Our favorite tita, the one who spoils her inaanaks.

Hi Aunt Julie !
@macoydubs1 
#artph https://t.co/A11DW1xbsz",FALSE,0,NA,2020-08-20 06:40:03,FALSE,NA,"1296336173611094016",NA,"<a href=""http://twitter.com/download/android"" rel=""nofollow"">Twitter for Android</a>","krtdmnq",45,TRUE,FALSE,NA,NA
"169","@anditsam @jjcdizon @macoydubs1 @KarlBauuu Buking na buking kayo ni aunt Julie...tsk tsk...",FALSE,0,"anditsam",2020-08-20 06:16:10,FALSE,"1296096028098048000","1296330163957796864","412929401","<a href=""http://twitter.com/#!/download/ipad"" rel=""nofollow"">Twitter for iPad</a>","Nichola66858161",0,FALSE,FALSE,NA,NA
"170","RT @jaicabajar: By tita, I mean aunt Julie.",FALSE,0,NA,2020-08-20 06:14:04,FALSE,NA,"1296329635899174912",NA,"<a href=""http://twitter.com/download/android"" rel=""nofollow"">Twitter for Android</a>","reallyelli",111,TRUE,FALSE,NA,NA
"171","@themainelyn HAHA 100% YOU. YOUR MY AUNT JULIE HUHU IMY",FALSE,0,"themainelyn",2020-08-20 06:11:45,FALSE,"1296328556105015297","1296329051926192128","68083449","<a href=""http://twitter.com/download/android"" rel=""nofollow"">Twitter for Android</a>","juncoc0",0,FALSE,FALSE,NA,NA
"172","RT @macoydubs1: As Macoy Dubs:
Bago lang ako matulog, I just wanna thank everyone coz mukhang happy kayo sa Aunt Julie series, Duets namin‚Ä¶",FALSE,0,NA,2020-08-20 06:11:04,FALSE,NA,"1296328879687098368",NA,"<a href=""http://twitter.com/download/android"" rel=""nofollow"">Twitter for Android</a>","heyy_its_mae25",478,TRUE,FALSE,NA,NA
"173","@alliahkarmela_ pwede na siya maging aunt julie kidz edition",FALSE,1,"alliahkarmela_",2020-08-20 06:06:58,FALSE,"1296314333702455296","1296327849385717761","874899481","<a href=""http://twitter.com/download/iphone"" rel=""nofollow"">Twitter for iPhone</a>","maaauelacio",0,FALSE,FALSE,NA,NA
"174","@yurainnnn_ oki, aunt yuri. kaano ano mo aunt julie?",FALSE,0,"yurainnnn_",2020-08-20 05:59:23,FALSE,"1296322690869948416","1296325942520897537","1136302762088587265","<a href=""http://twitter.com/download/android"" rel=""nofollow"">Twitter for Android</a>","MhicoMateo",0,FALSE,FALSE,NA,NA
"175","Beast mode na ba aunt Julie? hahaha https://t.co/3yPeQLe47n",FALSE,1,NA,2020-08-20 05:54:32,FALSE,NA,"1296324718132264965",NA,"<a href=""http://twitter.com/download/android"" rel=""nofollow"">Twitter for Android</a>","RBejaron",0,FALSE,FALSE,NA,NA
"176","RT @DJYC_SecretFile: You should love Aunt Julie's Tiktok serye instead of watching Buknoy's fucking tiktok videos.",FALSE,0,NA,2020-08-20 05:50:32,FALSE,NA,"1296323712162004992",NA,"<a href=""http://twitter.com/download/iphone"" rel=""nofollow"">Twitter for iPhone</a>","SkyandKai",1,TRUE,FALSE,NA,NA
"177","RT @jaicabajar: By tita, I mean aunt Julie.",FALSE,0,NA,2020-08-20 05:49:00,FALSE,NA,"1296323326839676929",NA,"<a href=""http://twitter.com/download/android"" rel=""nofollow"">Twitter for Android</a>","httpswinmetawin",111,TRUE,FALSE,NA,NA
"178","RT @holeaspirit: Aunt Julie             ü§ù                Aunt Lea 

another parallel mga bayot.

kitamz?? pati pag tingin sa cellphone anez‚Ä¶",FALSE,0,NA,2020-08-20 05:46:17,FALSE,NA,"1296322646007668736",NA,"<a href=""http://twitter.com/download/iphone"" rel=""nofollow"">Twitter for iPhone</a>","thaleamordecai",14,TRUE,FALSE,NA,NA
"179","tawang tawa talaga ko sa pagkakasabi ng ‚ÄúGrindrs‚Äù ni Aunt Julie, i love her HAHAHAHA https://t.co/lQcIrnZsO9",FALSE,0,NA,2020-08-20 05:46:14,FALSE,NA,"1296322632657383424",NA,"<a href=""http://twitter.com/download/iphone"" rel=""nofollow"">Twitter for iPhone</a>","paaaaaaui",0,FALSE,FALSE,NA,NA
"180","You should love Aunt Julie's Tiktok serye instead of watching Buknoy's fucking tiktok videos.",FALSE,4,NA,2020-08-20 05:46:14,FALSE,NA,"1296322631700889600",NA,"<a href=""https://mobile.twitter.com"" rel=""nofollow"">Twitter Web App</a>","DJYC_SecretFile",1,FALSE,FALSE,NA,NA
"181","RT @holeaspirit: Aunt Julie             ü§ù                Aunt Lea 

tignan niyo, simula sa ngiti, kamay, aura ganern! very tita anez? https‚Ä¶",FALSE,0,NA,2020-08-20 05:42:49,FALSE,NA,"1296321772631912450",NA,"<a href=""http://twitter.com/download/iphone"" rel=""nofollow"">Twitter for iPhone</a>","LSZV14",24,TRUE,FALSE,NA,NA
"182","aunt julie, in the house hahahahaha 

#ShowtimeWalangIwanan https://t.co/kUBrJAnBdA",FALSE,0,NA,2020-08-20 05:39:08,FALSE,NA,"1296320843253870592",NA,"<a href=""http://twitter.com/download/android"" rel=""nofollow"">Twitter for Android</a>","kxysyi",0,FALSE,FALSE,NA,NA
"183","aunt julie @macoydubs1 is in the house @itsShowtimeNa #ShowtimeWalangIwanan",FALSE,0,NA,2020-08-20 05:38:38,FALSE,NA,"1296320719383433216",NA,"<a href=""https://mobile.twitter.com"" rel=""nofollow"">Twitter Web App</a>","Rreeeeeyyyyy",0,FALSE,FALSE,NA,NA
"184","aunt julie lang malakas ‚úäü§©ü§©
#ShowtimeWalangIwanan",FALSE,0,NA,2020-08-20 05:37:18,FALSE,NA,"1296320381326745600",NA,"<a href=""http://twitter.com/download/android"" rel=""nofollow"">Twitter for Android</a>","hosemaribiseral",0,FALSE,FALSE,NA,NA
"185","RT @thArtofPatpat: Our favorite tita, the one who spoils her inaanaks.

Hi Aunt Julie !
@macoydubs1 
#artph https://t.co/A11DW1xbsz",FALSE,0,NA,2020-08-20 05:34:56,FALSE,NA,"1296319786029219840",NA,"<a href=""http://twitter.com/download/android"" rel=""nofollow"">Twitter for Android</a>","schrdngrsx",45,TRUE,FALSE,NA,NA
"186","philippines calling cool aunts auntie julie... thats literally my mom's name and yeah she is a cool aunt üòîüòî but goe‚Ä¶ https://t.co/B004S1THnt",FALSE,0,NA,2020-08-20 05:33:43,TRUE,NA,"1296319481971695619",NA,"<a href=""http://twitter.com/download/iphone"" rel=""nofollow"">Twitter for iPhone</a>","joons_kr",0,FALSE,FALSE,NA,NA
"187","@thArtofPatpat @macoydubs1 WE STAN AUNT JULIE",FALSE,0,"thArtofPatpat",2020-08-20 05:26:33,FALSE,"1296095778608300034","1296317679427416064","1269237509206073346","<a href=""http://twitter.com/download/android"" rel=""nofollow"">Twitter for Android</a>","izuhna",0,FALSE,FALSE,NA,NA
"188","@itgirlnayeon_ Are you friends with aunt Julie's anaks po ba?",FALSE,0,"itgirlnayeon_",2020-08-20 05:24:44,FALSE,"1296285204030427138","1296317222546059264","1244247974181392384","<a href=""http://twitter.com/download/android"" rel=""nofollow"">Twitter for Android</a>","pigpeach09",0,FALSE,FALSE,NA,NA
"189","i'm now obsessed with the aunt julie vids ngl",FALSE,0,NA,2020-08-20 05:22:55,FALSE,NA,"1296316764578406403",NA,"<a href=""https://mobile.twitter.com"" rel=""nofollow"">Twitter Web App</a>","queerinenergy",0,FALSE,FALSE,NA,NA
"190","@queerinenergy Yes naman po Aunt Julie! https://t.co/yVpd4w4AGY",FALSE,1,"queerinenergy",2020-08-20 05:22:31,FALSE,"1296316330803527680","1296316663172722688","1294290907865391106","<a href=""http://twitter.com/download/android"" rel=""nofollow"">Twitter for Android</a>","meljieval",0,FALSE,FALSE,NA,NA
"191","@themainelyn HAHAHA OO NGA SAME ENERGY MO SI AUNT JULIE",FALSE,2,"themainelyn",2020-08-20 05:20:04,FALSE,"1296312301683789824","1296316047537012737","68083449","<a href=""http://twitter.com/download/android"" rel=""nofollow"">Twitter for Android</a>","juncoc0",0,FALSE,FALSE,NA,NA
"192","Why are u making pasaway kase Robert Angelo @KarlBauuu!! Love u, Aunt Julie!! ‚ù§Ô∏è https://t.co/c9VqPHPeL5",FALSE,0,NA,2020-08-20 05:14:40,FALSE,NA,"1296314689375236096",NA,"<a href=""http://twitter.com/download/android"" rel=""nofollow"">Twitter for Android</a>","cieloghuevos",0,FALSE,FALSE,NA,NA
"193","RT @MissMarisRacal: kinda sad. i just want aunt julie to therapize me.",FALSE,0,NA,2020-08-20 05:13:59,FALSE,NA,"1296314513373843456",NA,"<a href=""https://mobile.twitter.com"" rel=""nofollow"">Twitter Web App</a>","ashley_canonio",300,TRUE,FALSE,NA,NA
"194","RT @leasupremacy: ipaglalaban natin si aunt julie at robert angelo ‚úäüèª https://t.co/Rli2v44ipd",FALSE,0,NA,2020-08-20 05:13:07,FALSE,NA,"1296314296381530112",NA,"<a href=""http://twitter.com/download/iphone"" rel=""nofollow"">Twitter for iPhone</a>","SaradponHazel",5,TRUE,FALSE,NA,NA
"195","Oh my gosh with the White Plains üòÇ that got me gagging hahahaha and wait saan nakatira sina Aunt Julie? Forbes park‚Ä¶ https://t.co/x7tBSSbiqQ",FALSE,7,NA,2020-08-20 05:10:07,TRUE,NA,"1296313544439246850",NA,"<a href=""http://twitter.com/download/iphone"" rel=""nofollow"">Twitter for iPhone</a>","gianoinkoink",0,FALSE,FALSE,NA,NA
"196","@macoydubs1 Ako lang ba or parang Cy/nthia Vil/lar ung figure ni Aunt Julie... Parang Caricature hahahahaahahahaaahhahahahahhaha",FALSE,0,"macoydubs1",2020-08-20 05:08:09,FALSE,"1296053505694642178","1296313046055362561","1204452994034454528","<a href=""http://twitter.com/download/android"" rel=""nofollow"">Twitter for Android</a>","azuma_ichi",0,FALSE,FALSE,NA,NA
"197","omg Aunt Julie is basically my mum &amp; I‚Äôm Robert üò´ I hate reunions https://t.co/i0QyZl9FZg",FALSE,16,NA,2020-08-20 05:01:01,FALSE,NA,"1296311251677503489",NA,"<a href=""http://twitter.com/download/iphone"" rel=""nofollow"">Twitter for iPhone</a>","yourvenicebicth",0,FALSE,FALSE,NA,NA
"198","RT @jaicabajar: By tita, I mean aunt Julie.",FALSE,0,NA,2020-08-20 04:34:47,FALSE,NA,"1296304649721372673",NA,"<a href=""http://twitter.com/download/android"" rel=""nofollow"">Twitter for Android</a>","albertineandr29",111,TRUE,FALSE,NA,NA
"199","RT @jaicabajar: By tita, I mean aunt Julie.",FALSE,0,NA,2020-08-20 04:30:05,FALSE,NA,"1296303467821068293",NA,"<a href=""http://twitter.com/download/android"" rel=""nofollow"">Twitter for Android</a>","darlenesalumbre",111,TRUE,FALSE,NA,NA
"200","RT @KrissyAchino: Your Aunt Julie @MacoyDubs1 invited me to a Zoom Conference earlier. I‚Äôll post the ganaps tomorrow on TikTok. You guys wa‚Ä¶",FALSE,0,NA,2020-08-20 04:24:27,FALSE,NA,"1296302051358420994",NA,"<a href=""http://twitter.com/download/android"" rel=""nofollow"">Twitter for Android</a>","justjinu",45,TRUE,FALSE,NA,NA
"201","What would happen when Tita Assumptionista meets Povedan Aunt Julie? May mga sikreto kayang mauungkat? May bakuna k‚Ä¶ https://t.co/yi6MHtMUaP",FALSE,0,NA,2020-08-20 04:18:21,TRUE,NA,"1296300515085578243",NA,"<a href=""http://twitter.com/download/iphone"" rel=""nofollow"">Twitter for iPhone</a>","johnbonifacio18",0,FALSE,FALSE,NA,NA
"202","RT @jaicabajar: By tita, I mean aunt Julie.",FALSE,0,NA,2020-08-20 04:16:58,FALSE,NA,"1296300166534713344",NA,"<a href=""http://twitter.com/download/iphone"" rel=""nofollow"">Twitter for iPhone</a>","dencingmachine",111,TRUE,FALSE,NA,NA
"203","RT @jaicabajar: By tita, I mean aunt Julie.",FALSE,0,NA,2020-08-20 04:16:52,FALSE,NA,"1296300142337781760",NA,"<a href=""http://twitter.com/download/iphone"" rel=""nofollow"">Twitter for iPhone</a>","mundahm",111,TRUE,FALSE,NA,NA
"204","RT @jaicabajar: By tita, I mean aunt Julie.",FALSE,0,NA,2020-08-20 04:10:29,FALSE,NA,"1296298534870777857",NA,"<a href=""http://twitter.com/download/iphone"" rel=""nofollow"">Twitter for iPhone</a>","rheignekulit",111,TRUE,FALSE,NA,NA
"205","mac0yd√ºbs made it!! aunt julie made it!! https://t.co/sRtGhC6UjF",FALSE,0,NA,2020-08-20 04:06:43,FALSE,NA,"1296297586178043904",NA,"<a href=""https://mobile.twitter.com"" rel=""nofollow"">Twitter Web App</a>","siomyk",0,FALSE,FALSE,NA,NA
"206","@janeeyrys @macoydubs1 Feeling ko ganyan ka someday. Panoodincmo pa yung ibang vids tungkol kay aunt Julie daliii",FALSE,0,"janeeyrys",2020-08-20 04:02:00,FALSE,"1296229901553373184","1296296399626149890","241383140","<a href=""http://twitter.com/download/android"" rel=""nofollow"">Twitter for Android</a>","cjaylm",0,FALSE,FALSE,NA,NA
"207","RT @jaicabajar: By tita, I mean aunt Julie.",FALSE,0,NA,2020-08-20 04:01:23,FALSE,NA,"1296296243568635906",NA,"<a href=""http://twitter.com/download/android"" rel=""nofollow"">Twitter for Android</a>","fgrceest",111,TRUE,FALSE,NA,NA
"208","Aunt Julie! My Mom is a Maryknoller po! She said if malaman ng mga amigas mo na na-decline ka, gagawin ka nilang ta‚Ä¶ https://t.co/G48QYwccyS",FALSE,0,NA,2020-08-20 04:00:33,TRUE,NA,"1296296033471746048",NA,"<a href=""https://mobile.twitter.com"" rel=""nofollow"">Twitter Web App</a>","itsthomasssdesu",0,FALSE,FALSE,NA,NA
"209","Are you top or bottom? - Aunt Julie #AskRicci",FALSE,0,NA,2020-08-20 03:56:23,FALSE,NA,"1296294988079181824",NA,"<a href=""http://twitter.com/download/iphone"" rel=""nofollow"">Twitter for iPhone</a>","soultakerph",0,FALSE,FALSE,NA,NA
"210","@SeniorKaloy Aunt Julie hahaha",FALSE,1,"SeniorKaloy",2020-08-20 03:55:05,FALSE,"1296283579438137345","1296294660785111040","3391546274","<a href=""http://twitter.com/download/iphone"" rel=""nofollow"">Twitter for iPhone</a>","missalvester",0,FALSE,FALSE,NA,NA
"211","RT @macoydubs1: As Macoy Dubs:
Bago lang ako matulog, I just wanna thank everyone coz mukhang happy kayo sa Aunt Julie series, Duets namin‚Ä¶",FALSE,0,NA,2020-08-20 03:54:11,FALSE,NA,"1296294433525129216",NA,"<a href=""http://twitter.com/download/iphone"" rel=""nofollow"">Twitter for iPhone</a>","therebelpianist",478,TRUE,FALSE,NA,NA
"212","@rchlsbng si aunt julie chin?",FALSE,0,"rchlsbng",2020-08-20 03:52:14,FALSE,"1296129911665516544","1296293943269666816","861485406868525056","<a href=""http://twitter.com/download/iphone"" rel=""nofollow"">Twitter for iPhone</a>","CeeDeylan",0,FALSE,FALSE,NA,NA
"213","RT @jaicabajar: By tita, I mean aunt Julie.",FALSE,0,NA,2020-08-20 03:46:21,FALSE,NA,"1296292462730735618",NA,"<a href=""http://twitter.com/download/android"" rel=""nofollow"">Twitter for Android</a>","itsmespicyred",111,TRUE,FALSE,NA,NA
"214","RT @jaicabajar: By tita, I mean aunt Julie.",FALSE,0,NA,2020-08-20 03:38:34,FALSE,NA,"1296290504938647552",NA,"<a href=""http://twitter.com/download/iphone"" rel=""nofollow"">Twitter for iPhone</a>","whosariadne",111,TRUE,FALSE,NA,NA
"215","RT @holeaspirit: Aunt Julie             ü§ù                Aunt Lea 

tignan niyo, simula sa ngiti, kamay, aura ganern! very tita anez? https‚Ä¶",FALSE,0,NA,2020-08-20 03:38:25,FALSE,NA,"1296290464664940546",NA,"<a href=""http://twitter.com/download/iphone"" rel=""nofollow"">Twitter for iPhone</a>","itsmegracia20",24,TRUE,FALSE,NA,NA
"216","RT @jaicabajar: By tita, I mean aunt Julie.",FALSE,0,NA,2020-08-20 03:38:00,FALSE,NA,"1296290359698313216",NA,"<a href=""http://twitter.com/download/iphone"" rel=""nofollow"">Twitter for iPhone</a>","alana_baltazar",111,TRUE,FALSE,NA,NA
"217","RT @jaicabajar: By tita, I mean aunt Julie.",FALSE,0,NA,2020-08-20 03:32:25,FALSE,NA,"1296288957064335363",NA,"<a href=""http://twitter.com/#!/download/ipad"" rel=""nofollow"">Twitter for iPad</a>","WUZG0ET",111,TRUE,FALSE,NA,NA
"218","RT @MissMarisRacal: kinda sad. i just want aunt julie to therapize me.",FALSE,0,NA,2020-08-20 03:28:47,FALSE,NA,"1296288041988849667",NA,"<a href=""https://mobile.twitter.com"" rel=""nofollow"">Twitter Web App</a>","helloimsatan__",300,TRUE,FALSE,NA,NA
"219","RT @jaicabajar: By tita, I mean aunt Julie.",FALSE,0,NA,2020-08-20 03:14:21,FALSE,NA,"1296284407179796480",NA,"<a href=""http://twitter.com/download/android"" rel=""nofollow"">Twitter for Android</a>","serrano_rene",111,TRUE,FALSE,NA,NA
"220","RT @CaloiBabie: omg ex na pala ako ni aunt julie ngayon lang ako nainform",FALSE,0,NA,2020-08-20 03:11:40,FALSE,NA,"1296283734845530117",NA,"<a href=""http://twitter.com/download/android"" rel=""nofollow"">Twitter for Android</a>","urbanistangge",1,TRUE,FALSE,NA,NA
"221","@ENTPMaroon Ask mo son ni Aunt Julie. üôÉ",FALSE,0,"ENTPMaroon",2020-08-20 03:10:45,FALSE,"1296276712926277633","1296283503370186753","2437613132","<a href=""http://twitter.com/download/iphone"" rel=""nofollow"">Twitter for iPhone</a>","archerx07",0,FALSE,FALSE,NA,NA
"222","Anak ata ni aunt julie to @LizBeeWannabe https://t.co/XVwuIpqZ1D",FALSE,1,NA,2020-08-20 03:06:03,FALSE,NA,"1296282319959949312",NA,"<a href=""http://twitter.com/download/iphone"" rel=""nofollow"">Twitter for iPhone</a>","bgtostseven",0,FALSE,FALSE,NA,NA
"223","RT @jaicabajar: By tita, I mean aunt Julie.",FALSE,0,NA,2020-08-20 03:05:47,FALSE,NA,"1296282254390333440",NA,"<a href=""http://twitter.com/download/android"" rel=""nofollow"">Twitter for Android</a>","christaingel",111,TRUE,FALSE,NA,NA
"224","RT @jaicabajar: By tita, I mean aunt Julie.",FALSE,0,NA,2020-08-20 03:05:23,FALSE,NA,"1296282151457968128",NA,"<a href=""http://twitter.com/download/android"" rel=""nofollow"">Twitter for Android</a>","angeliee_mariee",111,TRUE,FALSE,NA,NA
"225","RT @KrissyAchino: Your Aunt Julie @MacoyDubs1 invited me to a Zoom Conference earlier. I‚Äôll post the ganaps tomorrow on TikTok. You guys wa‚Ä¶",FALSE,0,NA,2020-08-20 03:02:24,FALSE,NA,"1296281402657267712",NA,"<a href=""http://twitter.com/download/android"" rel=""nofollow"">Twitter for Android</a>","_gonzalestrisha",45,TRUE,FALSE,NA,NA
"226","RT @KrissyAchino: Your Aunt Julie @MacoyDubs1 invited me to a Zoom Conference earlier. I‚Äôll post the ganaps tomorrow on TikTok. You guys wa‚Ä¶",FALSE,0,NA,2020-08-20 02:59:00,FALSE,NA,"1296280546713067521",NA,"<a href=""http://twitter.com/download/iphone"" rel=""nofollow"">Twitter for iPhone</a>","iiiamkeahtot",45,TRUE,FALSE,NA,NA
"227","Aattend ako ng PTA meeting ng mga kapatid ko. Is it time to make ermanas na din like Aunt Julie tapos sabay sabay n‚Ä¶ https://t.co/2holReGT8s",FALSE,13,NA,2020-08-20 02:55:13,TRUE,NA,"1296279593817702401",NA,"<a href=""https://mobile.twitter.com"" rel=""nofollow"">Twitter Web App</a>","SipSepe",0,FALSE,FALSE,NA,NA
"228","i feel like im gonna be like aunt julie when i get older. you know, a bl shipper HAHAHA ily @macoydubs1 you make a lot of ppl laugh ü•∫",FALSE,1,NA,2020-08-20 02:49:25,FALSE,NA,"1296278132555538432",NA,"<a href=""http://twitter.com/download/iphone"" rel=""nofollow"">Twitter for iPhone</a>","abytsjo",0,FALSE,FALSE,NA,NA
"229","RT @jaicabajar: By tita, I mean aunt Julie. https://t.co/3NzhvPClYJ",FALSE,0,NA,2020-08-20 02:46:52,FALSE,NA,"1296277492827815940",NA,"<a href=""https://mobile.twitter.com"" rel=""nofollow"">Twitter Web App</a>","anyanildefonso",111,TRUE,FALSE,NA,NA
"230","RT @thArtofPatpat: Our favorite tita, the one who spoils her inaanaks.

Hi Aunt Julie !
@macoydubs1 
#artph https://t.co/A11DW1xbsz",FALSE,0,NA,2020-08-20 02:40:33,FALSE,NA,"1296275901563330562",NA,"<a href=""http://twitter.com/download/iphone"" rel=""nofollow"">Twitter for iPhone</a>","kraeyonbox",45,TRUE,FALSE,NA,NA
"231","RT @KrissyAchino: Your Aunt Julie @MacoyDubs1 invited me to a Zoom Conference earlier. I‚Äôll post the ganaps tomorrow on TikTok. You guys wa‚Ä¶",FALSE,0,NA,2020-08-20 02:38:43,FALSE,NA,"1296275443394306048",NA,"<a href=""http://twitter.com/download/iphone"" rel=""nofollow"">Twitter for iPhone</a>","lauriomauee",45,TRUE,FALSE,NA,NA
"232","Aunt Julie, I'll rub some Katinko on your forehead para you can sleep ch0ur https://t.co/qBy0PIthAx",FALSE,1,NA,2020-08-20 02:35:08,FALSE,NA,"1296274540746727424",NA,"<a href=""https://mobile.twitter.com"" rel=""nofollow"">Twitter Web App</a>","SipSepe",0,FALSE,FALSE,NA,NA
"233","@defendthechamp sana di maputol si aunt julie hehehe",FALSE,2,"defendthechamp",2020-08-20 02:23:28,FALSE,"1296270209464930304","1296271604431937536","1051053732954132480","<a href=""https://mobile.twitter.com"" rel=""nofollow"">Twitter Web App</a>","tellayiz17",0,FALSE,FALSE,NA,NA
"234","RT @KrissyAchino: Your Aunt Julie @MacoyDubs1 invited me to a Zoom Conference earlier. I‚Äôll post the ganaps tomorrow on TikTok. You guys wa‚Ä¶",FALSE,0,NA,2020-08-20 02:23:10,FALSE,NA,"1296271529487921152",NA,"<a href=""http://twitter.com/download/iphone"" rel=""nofollow"">Twitter for iPhone</a>","_axrnd",45,TRUE,FALSE,NA,NA
"235","@ewarren Everyone needs an Aunt Bee",FALSE,0,"ewarren",2020-08-20 02:22:28,FALSE,"1296270821950980098","1296271351142121479","357606935","<a href=""http://twitter.com/download/iphone"" rel=""nofollow"">Twitter for iPhone</a>","julie_okjadtx",0,FALSE,FALSE,NA,NA
"236","Aunt Bea...that makes me chuckle.....",FALSE,0,NA,2020-08-20 02:20:04,FALSE,NA,"1296270746734358528",NA,"<a href=""http://twitter.com/download/android"" rel=""nofollow"">Twitter for Android</a>","Julie_Herrmann",0,FALSE,FALSE,NA,NA
"237","RT @thArtofPatpat: Our favorite tita, the one who spoils her inaanaks.

Hi Aunt Julie !
@macoydubs1 
#artph https://t.co/A11DW1xbsz",FALSE,0,NA,2020-08-20 02:19:39,FALSE,NA,"1296270643353157633",NA,"<a href=""https://mobile.twitter.com"" rel=""nofollow"">Twitter Web App</a>","redflo24",45,TRUE,FALSE,NA,NA
"238","RT @holeaspirit: Aunt Julie             ü§ù                Aunt Lea 

another parallel mga bayot.

kitamz?? pati pag tingin sa cellphone anez‚Ä¶",FALSE,0,NA,2020-08-20 02:15:03,FALSE,NA,"1296269487348490240",NA,"<a href=""http://twitter.com/#!/download/ipad"" rel=""nofollow"">Twitter for iPad</a>","guinghyung",14,TRUE,FALSE,NA,NA
"239","RT @jaicabajar: By tita, I mean aunt Julie.",FALSE,0,NA,2020-08-20 02:10:20,FALSE,NA,"1296268300339433472",NA,"<a href=""http://twitter.com/download/android"" rel=""nofollow"">Twitter for Android</a>","carlabaldomar",111,TRUE,FALSE,NA,NA
"240","@desamting @mrsunlawyer Aunt Julie iba ka na talaga. @macoydubs1",FALSE,0,"desamting",2020-08-20 02:09:54,FALSE,"1296260731969474561","1296268189068795905","13606362","<a href=""http://twitter.com/download/iphone"" rel=""nofollow"">Twitter for iPhone</a>","amoy_patatas",0,FALSE,FALSE,NA,NA
"241","RT @jaicabajar: By tita, I mean aunt Julie. https://t.co/3NzhvPClYJ",FALSE,0,NA,2020-08-20 02:07:30,FALSE,NA,"1296267585344790528",NA,"<a href=""https://mobile.twitter.com"" rel=""nofollow"">Twitter Web App</a>","timidgorl",111,TRUE,FALSE,NA,NA
"242","@macoydubs1 Aunt Julie, wag na in denial. Use your antipara na so you can read better. This is Aunt Leah (with an h) from St. Paul.",FALSE,1,"macoydubs1",2020-08-20 02:05:08,FALSE,"1296060327138713600","1296266991280377857","1204452994034454528","<a href=""http://twitter.com/download/android"" rel=""nofollow"">Twitter for Android</a>","leahcarp",0,FALSE,FALSE,NA,NA
"243","Aunt julie vibes üòÜüòÜüòÜ https://t.co/C2fXfNXCfZ",FALSE,0,NA,2020-08-20 01:53:00,FALSE,NA,"1296263936405209090",NA,"<a href=""http://twitter.com/download/iphone"" rel=""nofollow"">Twitter for iPhone</a>","yoonieeeverse",0,FALSE,FALSE,NA,NA
"244","RT @jaicabajar: By tita, I mean aunt Julie.",FALSE,0,NA,2020-08-20 01:51:59,FALSE,NA,"1296263681517314048",NA,"<a href=""http://twitter.com/#!/download/ipad"" rel=""nofollow"">Twitter for iPad</a>","jodgzmn",111,TRUE,FALSE,NA,NA
"245","RT @jaicabajar: By tita, I mean aunt Julie.",FALSE,0,NA,2020-08-20 01:51:27,FALSE,NA,"1296263545181495296",NA,"<a href=""http://twitter.com/download/iphone"" rel=""nofollow"">Twitter for iPhone</a>","missjumpxx",111,TRUE,FALSE,NA,NA
"246","RT @jaicabajar: By tita, I mean aunt Julie.",FALSE,0,NA,2020-08-20 01:47:33,FALSE,NA,"1296262565173932032",NA,"<a href=""http://twitter.com/download/android"" rel=""nofollow"">Twitter for Android</a>","iaiaiayo",111,TRUE,FALSE,NA,NA
"247","Please decide if you‚Äôre near or far sighted. I‚Äôm confused Aunt Julie! Hahahahaha https://t.co/JdainQscTP",FALSE,0,NA,2020-08-20 01:43:30,FALSE,NA,"1296261544238411780",NA,"<a href=""http://twitter.com/download/iphone"" rel=""nofollow"">Twitter for iPhone</a>","janessss_",0,FALSE,FALSE,NA,NA
"248","RT @thArtofPatpat: Our favorite tita, the one who spoils her inaanaks.

Hi Aunt Julie !
@macoydubs1 
#artph https://t.co/A11DW1xbsz",FALSE,0,NA,2020-08-20 01:41:52,FALSE,NA,"1296261132806524929",NA,"<a href=""http://twitter.com/download/android"" rel=""nofollow"">Twitter for Android</a>","monzonronaa",45,TRUE,FALSE,NA,NA
"249","RT @jaicabajar: By tita, I mean aunt Julie.",FALSE,0,NA,2020-08-20 01:39:38,FALSE,NA,"1296260574154764289",NA,"<a href=""http://twitter.com/download/iphone"" rel=""nofollow"">Twitter for iPhone</a>","HiNicoleG",111,TRUE,FALSE,NA,NA
"250","RT @thArtofPatpat: Our favorite tita, the one who spoils her inaanaks.

Hi Aunt Julie !
@macoydubs1 
#artph https://t.co/A11DW1xbsz",FALSE,0,NA,2020-08-20 01:38:55,FALSE,NA,"1296260390502846464",NA,"<a href=""http://twitter.com/download/android"" rel=""nofollow"">Twitter for Android</a>","mlemlk",45,TRUE,FALSE,NA,NA
"251","RT @jaicabajar: By tita, I mean aunt Julie.",FALSE,0,NA,2020-08-20 01:32:35,FALSE,NA,"1296258800047894528",NA,"<a href=""http://twitter.com/download/iphone"" rel=""nofollow"">Twitter for iPhone</a>","myeung_",111,TRUE,FALSE,NA,NA
"252","RT @interaksyon: Content creator @macoydubs1 to his followers: ""Alam naman ninyong di natin ‚Äòto mararating kung di rin dahil sa inyo. Kaya‚Ä¶",FALSE,0,NA,2020-08-20 01:30:44,FALSE,NA,"1296258331019968514",NA,"<a href=""https://mobile.twitter.com"" rel=""nofollow"">Twitter Web App</a>","PHLNewsInsider",7,TRUE,FALSE,NA,NA
"253","RT @jaicabajar: By tita, I mean aunt Julie.",FALSE,0,NA,2020-08-20 01:12:54,FALSE,NA,"1296253846629388288",NA,"<a href=""http://twitter.com/download/android"" rel=""nofollow"">Twitter for Android</a>","CrmlLlrn",111,TRUE,FALSE,NA,NA
"254","RT @thArtofPatpat: Our favorite tita, the one who spoils her inaanaks.

Hi Aunt Julie !
@macoydubs1 
#artph https://t.co/A11DW1xbsz",FALSE,0,NA,2020-08-20 01:11:18,FALSE,NA,"1296253440193044480",NA,"<a href=""http://twitter.com/download/android"" rel=""nofollow"">Twitter for Android</a>","itslaetty",45,TRUE,FALSE,NA,NA
"255","RT @MissMarisRacal: kinda sad. i just want aunt julie to therapize me.",FALSE,0,NA,2020-08-20 01:09:06,FALSE,NA,"1296252888478412802",NA,"<a href=""http://twitter.com/download/iphone"" rel=""nofollow"">Twitter for iPhone</a>","blbantonie",300,TRUE,FALSE,NA,NA
"256","aunt julie https://t.co/nbhc7ItdIY",FALSE,0,NA,2020-08-20 01:07:16,FALSE,NA,"1296252428023525376",NA,"<a href=""http://twitter.com/download/android"" rel=""nofollow"">Twitter for Android</a>","kkuked",0,FALSE,FALSE,NA,NA
"257","aunt julie series issa big mood ahahahaahahah",FALSE,0,NA,2020-08-20 01:06:08,FALSE,NA,"1296252142743773184",NA,"<a href=""http://twitter.com/download/android"" rel=""nofollow"">Twitter for Android</a>","bertojunyor",0,FALSE,FALSE,NA,NA
"258","HAHAHAHAHAHAH bagay slang aunt julie https://t.co/7DrMDvP0Hl",FALSE,0,NA,2020-08-20 00:55:57,FALSE,NA,"1296249580435079168",NA,"<a href=""http://twitter.com/download/android"" rel=""nofollow"">Twitter for Android</a>","agnsjrhm",0,FALSE,FALSE,NA,NA
"259","RT @KrissyAchino: Your Aunt Julie @MacoyDubs1 invited me to a Zoom Conference earlier. I‚Äôll post the ganaps tomorrow on TikTok. You guys wa‚Ä¶",FALSE,0,NA,2020-08-20 00:53:14,FALSE,NA,"1296248894485958657",NA,"<a href=""http://twitter.com/download/android"" rel=""nofollow"">Twitter for Android</a>","monzonronaa",45,TRUE,FALSE,NA,NA
"260","RT @MissMarisRacal: kinda sad. i just want aunt julie to therapize me.",FALSE,0,NA,2020-08-20 00:47:19,FALSE,NA,"1296247406976053248",NA,"<a href=""http://twitter.com/download/android"" rel=""nofollow"">Twitter for Android</a>","eukaiii",300,TRUE,FALSE,NA,NA
"261","Aunt Julie's lifestyle to be exactüòÖ https://t.co/uDY9cW6dm4",FALSE,0,NA,2020-08-20 00:43:59,FALSE,NA,"1296246569239371776",NA,"<a href=""http://twitter.com/download/iphone"" rel=""nofollow"">Twitter for iPhone</a>","floradexplorer_",0,FALSE,FALSE,NA,NA
"262","you know your effect ha naloloka ako aunt julie pakilala mo nga kay bert char https://t.co/E6MmYgrUNi",FALSE,1,NA,2020-08-20 00:43:33,FALSE,NA,"1296246457054314499",NA,"<a href=""http://twitter.com/download/android"" rel=""nofollow"">Twitter for Android</a>","sucker4HL",0,FALSE,FALSE,NA,NA
"263","RT @thArtofPatpat: Our favorite tita, the one who spoils her inaanaks.

Hi Aunt Julie !
@macoydubs1 
#artph https://t.co/A11DW1xbsz",FALSE,0,NA,2020-08-20 00:36:20,FALSE,NA,"1296244642749526019",NA,"<a href=""https://mobile.twitter.com"" rel=""nofollow"">Twitter Web App</a>","Onlyfelarth",45,TRUE,FALSE,NA,NA
"264","RT @MissMarisRacal: kinda sad. i just want aunt julie to therapize me.",FALSE,0,NA,2020-08-20 00:24:52,FALSE,NA,"1296241756862738432",NA,"<a href=""http://twitter.com/download/android"" rel=""nofollow"">Twitter for Android</a>","janliesurf50",300,TRUE,FALSE,NA,NA
"265","@taebokkiii @seokski Aunt julie is dat u? Hahaha energy of Tita's of Manila",FALSE,0,"taebokkiii",2020-08-20 00:24:21,FALSE,"1296129378984706048","1296241625266393089","876733791447818240","<a href=""http://twitter.com/download/android"" rel=""nofollow"">Twitter for Android</a>","eureka_0613",0,FALSE,FALSE,NA,NA
"266","RT @macoydubs1: Maria Julie A. Penaloza 
Elem-HS, Saint Pedro Poveda College
AB Communication, Fordham University

Kids: 
Robert Angelo
Cas‚Ä¶",FALSE,0,NA,2020-08-20 00:09:18,FALSE,NA,"1296237841240883201",NA,"<a href=""http://twitter.com/download/android"" rel=""nofollow"">Twitter for Android</a>","jbodjie",413,TRUE,FALSE,NA,NA
